id,revenue
3001,7826161.423728813
3002,4367777.0
3003,24252955.04225352
3004,14751549.086956521
3005,7826161.423728813
3006,24252955.04225352
3007,2284025.595238095
3008,69660097.75
3009,30463334.138888888
3010,327304903.8148148
3011,1926924.3461538462
3012,842473.1388888889
3013,93244911.8235294
3014,336910.1052631579
3015,30463334.138888888
3016,2284025.595238095
3017,125486463.8888889
3018,129387662.51351352
3019,25311745.0
3020,809912867.8518518
3021,75713828.33333333
3022,24776071.782608695
3023,1716388.3333333333
3024,42391221.75
3025,842473.1388888889
3026,121205067.9
3027,11677905.1
3028,135489996.1
3029,336910.1052631579
3030,75713828.33333333
3031,24252955.04225352
3032,7826161.423728813
3033,336910.1052631579
3034,1926924.3461538462
3035,2053548.08
3036,22174131.57142857
3037,145046562.65625
3038,57036649.05
3039,60928991.08
3040,4367777.0
3041,60928991.08
3042,4367777.0
3043,14825462.5
3044,13423985.181818182
3045,385033987.6296296
3046,9251412.652173912
3047,9092371.5
3048,21557648.304347824
3049,46494405.74074074
3050,65216779.38095238
3051,1215430.3529411764
3052,30463334.138888888
3053,1926924.3461538462
3054,3967976.411764706
3055,58820198.8
3056,336910.1052631579
3057,71262002.71428572
3058,471943205.09090906
3059,1215430.3529411764
3060,41419433.0
3061,83867372.1
3062,16726707.2
3063,24776071.782608695
3064,129387662.51351352
3065,30463334.138888888
3066,103376017.23333333
3067,6239175.236363636
3068,83867372.1
3069,238301286.5
3070,7826161.423728813
3071,11753317.311111111
3072,809912867.8518518
3073,7826161.423728813
3074,1215430.3529411764
3075,24776071.782608695
3076,385033987.6296296
3077,38209026.56
3078,125486463.8888889
3079,85625261.47619048
3080,125486463.8888889
3081,40481454.85
3082,11753317.311111111
3083,15344393.954545455
3084,1215430.3529411764
3085,93244911.8235294
3086,89260228.35
3087,7826161.423728813
3088,7826161.423728813
3089,1716388.3333333333
3090,30463334.138888888
3091,42391221.75
3092,24252955.04225352
3093,137775589.30769232
3094,103376017.23333333
3095,42391221.75
3096,6654154.857142857
3097,809912867.8518518
3098,93244911.8235294
3099,41419433.0
3100,11753317.311111111
3101,11753317.311111111
3102,6239175.236363636
3103,1215430.3529411764
3104,9251412.652173912
3105,129387662.51351352
3106,129387662.51351352
3107,21557648.304347824
3108,5153799.55
3109,24252955.04225352
3110,809912867.8518518
3111,17965388.222222224
3112,2284025.595238095
3113,22174131.57142857
3114,24252955.04225352
3115,9092371.5
3116,13423985.181818182
3117,842473.1388888889
3118,6239175.236363636
3119,238301286.5
3120,184947459.89285713
3121,11818589.2
3122,24252955.04225352
3123,9092371.5
3124,16726707.2
3125,1215430.3529411764
3126,21557648.304347824
3127,24252955.04225352
3128,30463334.138888888
3129,145046562.65625
3130,25311745.0
3131,2053548.08
3132,12486188.0
3133,1215430.3529411764
3134,24252955.04225352
3135,4367777.0
3136,11677905.1
3137,67691415.55
3138,1215430.3529411764
3139,38209026.56
3140,145046562.65625
3141,7183995.826086956
3142,1215430.3529411764
3143,184947459.89285713
3144,42391221.75
3145,11753317.311111111
3146,1716388.3333333333
3147,14751549.086956521
3148,6239175.236363636
3149,125486463.8888889
3150,125486463.8888889
3151,11753317.311111111
3152,36682208.038461536
3153,6239175.236363636
3154,14751549.086956521
3155,38209026.56
3156,12114011.892857144
3157,24252955.04225352
3158,145046562.65625
3159,24252955.04225352
3160,25311745.0
3161,3465104.6363636362
3162,6239175.236363636
3163,145046562.65625
3164,4367777.0
3165,2284025.595238095
3166,3967976.411764706
3167,85625261.47619048
3168,9251412.652173912
3169,40481454.85
3170,16726707.2
3171,24252955.04225352
3172,42391221.75
3173,336910.1052631579
3174,842473.1388888889
3175,27603737.1
3176,57114660.03225806
3177,83867372.1
3178,7826161.423728813
3179,11753317.311111111
3180,11753317.311111111
3181,7826161.423728813
3182,385033987.6296296
3183,57114660.03225806
3184,93244911.8235294
3185,67691415.55
3186,42391221.75
3187,16726707.2
3188,60928991.08
3189,103376017.23333333
3190,65216779.38095238
3191,5153799.55
3192,7826161.423728813
3193,385033987.6296296
3194,103376017.23333333
3195,9251412.652173912
3196,6239175.236363636
3197,16726707.2
3198,204376226.53333333
3199,327304903.8148148
3200,29660961.583333332
3201,65216779.38095238
3202,842473.1388888889
3203,9251412.652173912
3204,7826161.423728813
3205,2284025.595238095
3206,11753317.311111111
3207,24776071.782608695
3208,22174131.57142857
3209,12486188.0
3210,385033987.6296296
3211,4870505.76
3212,75032259.38709678
3213,75032259.38709678
3214,11818589.2
3215,6654154.857142857
3216,13423985.181818182
3217,385033987.6296296
3218,3465104.6363636362
3219,14825462.5
3220,385033987.6296296
3221,9092371.5
3222,14825462.5
3223,24252955.04225352
3224,4870505.76
3225,9092371.5
3226,6239175.236363636
3227,71262002.71428572
3228,327304903.8148148
3229,137775589.30769232
3230,57114660.03225806
3231,36682208.038461536
3232,9092371.5
3233,7183995.826086956
3234,6239175.236363636
3235,6239175.236363636
3236,7826161.423728813
3237,21557648.304347824
3238,13423985.181818182
3239,3465104.6363636362
3240,327304903.8148148
3241,4367777.0
3242,25311745.0
3243,9018592.913043479
3244,9251412.652173912
3245,6239175.236363636
3246,30463334.138888888
3247,38860658.692307696
3248,58820198.8
3249,58820198.8
3250,238301286.5
3251,7826161.423728813
3252,24252955.04225352
3253,145046562.65625
3254,9251412.652173912
3255,1926924.3461538462
3256,38209026.56
3257,22174131.57142857
3258,24252955.04225352
3259,30463334.138888888
3260,3465104.6363636362
3261,385033987.6296296
3262,42391221.75
3263,336910.1052631579
3264,3967976.411764706
3265,685388.2962962963
3266,685388.2962962963
3267,57036649.05
3268,685388.2962962963
3269,145046562.65625
3270,85625261.47619048
3271,6239175.236363636
3272,15344393.954545455
3273,36682208.038461536
3274,385033987.6296296
3275,65216779.38095238
3276,1716388.3333333333
3277,12486188.0
3278,135489996.1
3279,9092371.5
3280,471943205.09090906
3281,336910.1052631579
3282,11677905.1
3283,385033987.6296296
3284,60928991.08
3285,85625261.47619048
3286,2284025.595238095
3287,2053548.08
3288,60928991.08
3289,121205067.9
3290,81308016.31818181
3291,57036649.05
3292,385033987.6296296
3293,135489996.1
3294,14751549.086956521
3295,11818589.2
3296,4870505.76
3297,13423985.181818182
3298,103376017.23333333
3299,11677905.1
3300,30463334.138888888
3301,336910.1052631579
3302,6239175.236363636
3303,9092371.5
3304,25311745.0
3305,57114660.03225806
3306,1926924.3461538462
3307,81308016.31818181
3308,17965388.222222224
3309,4367777.0
3310,24252955.04225352
3311,7826161.423728813
3312,65216779.38095238
3313,75713828.33333333
3314,24252955.04225352
3315,135489996.1
3316,21557648.304347824
3317,2053548.08
3318,3465104.6363636362
3319,9018592.913043479
3320,36682208.038461536
3321,6654154.857142857
3322,4367777.0
3323,129387662.51351352
3324,3789919.625
3325,103376017.23333333
3326,125486463.8888889
3327,83867372.1
3328,15344393.954545455
3329,13423985.181818182
3330,67691415.55
3331,6239175.236363636
3332,85625261.47619048
3333,327304903.8148148
3334,842473.1388888889
3335,58820198.8
3336,5153799.55
3337,1926924.3461538462
3338,29660961.583333332
3339,7826161.423728813
3340,135489996.1
3341,9092371.5
3342,145046562.65625
3343,24776071.782608695
3344,3789919.625
3345,12114011.892857144
3346,42391221.75
3347,685388.2962962963
3348,7183995.826086956
3349,121205067.9
3350,204376226.53333333
3351,75713828.33333333
3352,842473.1388888889
3353,103376017.23333333
3354,6239175.236363636
3355,1215430.3529411764
3356,36682208.038461536
3357,3967976.411764706
3358,25311745.0
3359,30463334.138888888
3360,25311745.0
3361,137775589.30769232
3362,24252955.04225352
3363,22174131.57142857
3364,9092371.5
3365,3789919.625
3366,89260228.35
3367,137775589.30769232
3368,9251412.652173912
3369,24776071.782608695
3370,93244911.8235294
3371,85625261.47619048
3372,9092371.5
3373,81308016.31818181
3374,9092371.5
3375,103376017.23333333
3376,30463334.138888888
3377,27603737.1
3378,17965388.222222224
3379,184947459.89285713
3380,42391221.75
3381,11753317.311111111
3382,7826161.423728813
3383,7826161.423728813
3384,145046562.65625
3385,135489996.1
3386,7826161.423728813
3387,7183995.826086956
3388,129387662.51351352
3389,809912867.8518518
3390,25311745.0
3391,25311745.0
3392,11753317.311111111
3393,13423985.181818182
3394,184947459.89285713
3395,204376226.53333333
3396,24252955.04225352
3397,685388.2962962963
3398,385033987.6296296
3399,89260228.35
3400,2284025.595238095
3401,3789919.625
3402,336910.1052631579
3403,57036649.05
3404,24252955.04225352
3405,60928991.08
3406,327304903.8148148
3407,67691415.55
3408,85625261.47619048
3409,7183995.826086956
3410,57114660.03225806
3411,75713828.33333333
3412,42391221.75
3413,41419433.0
3414,4870505.76
3415,24252955.04225352
3416,65216779.38095238
3417,85625261.47619048
3418,57036649.05
3419,327304903.8148148
3420,7826161.423728813
3421,14751549.086956521
3422,2284025.595238095
3423,809912867.8518518
3424,685388.2962962963
3425,7826161.423728813
3426,40481454.85
3427,42391221.75
3428,4367777.0
3429,38860658.692307696
3430,809912867.8518518
3431,9018592.913043479
3432,11753317.311111111
3433,13423985.181818182
3434,12114011.892857144
3435,327304903.8148148
3436,184947459.89285713
3437,25311745.0
3438,11677905.1
3439,81308016.31818181
3440,69660097.75
3441,135489996.1
3442,7826161.423728813
3443,7826161.423728813
3444,336910.1052631579
3445,57114660.03225806
3446,685388.2962962963
3447,11753317.311111111
3448,24776071.782608695
3449,9092371.5
3450,145046562.65625
3451,81308016.31818181
3452,60928991.08
3453,24776071.782608695
3454,29660961.583333332
3455,11677905.1
3456,135489996.1
3457,65216779.38095238
3458,24252955.04225352
3459,809912867.8518518
3460,38209026.56
3461,24252955.04225352
3462,60928991.08
3463,41419433.0
3464,1215430.3529411764
3465,57036649.05
3466,38209026.56
3467,25311745.0
3468,204376226.53333333
3469,6239175.236363636
3470,336910.1052631579
3471,93244911.8235294
3472,3789919.625
3473,75713828.33333333
3474,83867372.1
3475,238301286.5
3476,4870505.76
3477,38209026.56
3478,9018592.913043479
3479,327304903.8148148
3480,24252955.04225352
3481,11677905.1
3482,1215430.3529411764
3483,9251412.652173912
3484,9018592.913043479
3485,71262002.71428572
3486,71262002.71428572
3487,145046562.65625
3488,65216779.38095238
3489,2284025.595238095
3490,58820198.8
3491,40481454.85
3492,4870505.76
3493,42391221.75
3494,46494405.74074074
3495,89260228.35
3496,9018592.913043479
3497,121205067.9
3498,7183995.826086956
3499,12114011.892857144
3500,842473.1388888889
3501,71262002.71428572
3502,30463334.138888888
3503,38860658.692307696
3504,89260228.35
3505,9092371.5
3506,71262002.71428572
3507,327304903.8148148
3508,25311745.0
3509,12114011.892857144
3510,38860658.692307696
3511,41419433.0
3512,137775589.30769232
3513,9092371.5
3514,38860658.692307696
3515,3789919.625
3516,24252955.04225352
3517,809912867.8518518
3518,60928991.08
3519,16726707.2
3520,4870505.76
3521,2284025.595238095
3522,11753317.311111111
3523,24252955.04225352
3524,71262002.71428572
3525,184947459.89285713
3526,24252955.04225352
3527,24252955.04225352
3528,7183995.826086956
3529,809912867.8518518
3530,41419433.0
3531,75032259.38709678
3532,121205067.9
3533,30463334.138888888
3534,40481454.85
3535,184947459.89285713
3536,13423985.181818182
3537,71262002.71428572
3538,93244911.8235294
3539,85625261.47619048
3540,30463334.138888888
3541,12114011.892857144
3542,15344393.954545455
3543,685388.2962962963
3544,57114660.03225806
3545,3789919.625
3546,6239175.236363636
3547,67691415.55
3548,471943205.09090906
3549,11677905.1
3550,471943205.09090906
3551,135489996.1
3552,145046562.65625
3553,65216779.38095238
3554,137775589.30769232
3555,125486463.8888889
3556,75032259.38709678
3557,36682208.038461536
3558,327304903.8148148
3559,121205067.9
3560,3967976.411764706
3561,85625261.47619048
3562,22174131.57142857
3563,12114011.892857144
3564,3967976.411764706
3565,12486188.0
3566,93244911.8235294
3567,22174131.57142857
3568,11677905.1
3569,184947459.89285713
3570,14198215.2
3571,69660097.75
3572,129387662.51351352
3573,4367777.0
3574,15344393.954545455
3575,14751549.086956521
3576,42391221.75
3577,9018592.913043479
3578,57036649.05
3579,21557648.304347824
3580,24252955.04225352
3581,57036649.05
3582,125486463.8888889
3583,336910.1052631579
3584,93244911.8235294
3585,75713828.33333333
3586,24252955.04225352
3587,6239175.236363636
3588,13423985.181818182
3589,12114011.892857144
3590,24252955.04225352
3591,471943205.09090906
3592,1215430.3529411764
3593,842473.1388888889
3594,2284025.595238095
3595,15344393.954545455
3596,30463334.138888888
3597,9018592.913043479
3598,75713828.33333333
3599,15344393.954545455
3600,2284025.595238095
3601,336910.1052631579
3602,842473.1388888889
3603,24252955.04225352
3604,6654154.857142857
3605,57114660.03225806
3606,6239175.236363636
3607,24776071.782608695
3608,327304903.8148148
3609,7826161.423728813
3610,42391221.75
3611,1926924.3461538462
3612,9092371.5
3613,16726707.2
3614,125486463.8888889
3615,121205067.9
3616,27603737.1
3617,11753317.311111111
3618,125486463.8888889
3619,685388.2962962963
3620,204376226.53333333
3621,238301286.5
3622,385033987.6296296
3623,129387662.51351352
3624,336910.1052631579
3625,4870505.76
3626,30463334.138888888
3627,145046562.65625
3628,385033987.6296296
3629,13423985.181818182
3630,336910.1052631579
3631,129387662.51351352
3632,40481454.85
3633,58820198.8
3634,9251412.652173912
3635,842473.1388888889
3636,57114660.03225806
3637,3967976.411764706
3638,57114660.03225806
3639,67691415.55
3640,238301286.5
3641,16726707.2
3642,6239175.236363636
3643,38860658.692307696
3644,22174131.57142857
3645,30463334.138888888
3646,11753317.311111111
3647,75032259.38709678
3648,12486188.0
3649,9092371.5
3650,11753317.311111111
3651,471943205.09090906
3652,46494405.74074074
3653,204376226.53333333
3654,24252955.04225352
3655,36682208.038461536
3656,11753317.311111111
3657,842473.1388888889
3658,4367777.0
3659,85625261.47619048
3660,385033987.6296296
3661,14751549.086956521
3662,69660097.75
3663,327304903.8148148
3664,1215430.3529411764
3665,7826161.423728813
3666,11677905.1
3667,125486463.8888889
3668,30463334.138888888
3669,6654154.857142857
3670,145046562.65625
3671,46494405.74074074
3672,25311745.0
3673,184947459.89285713
3674,38860658.692307696
3675,471943205.09090906
3676,125486463.8888889
3677,12114011.892857144
3678,14751549.086956521
3679,41419433.0
3680,12486188.0
3681,11818589.2
3682,67691415.55
3683,4870505.76
3684,103376017.23333333
3685,67691415.55
3686,46494405.74074074
3687,129387662.51351352
3688,4367777.0
3689,1716388.3333333333
3690,89260228.35
3691,13423985.181818182
3692,3967976.411764706
3693,121205067.9
3694,145046562.65625
3695,71262002.71428572
3696,40481454.85
3697,60928991.08
3698,38209026.56
3699,24252955.04225352
3700,842473.1388888889
3701,89260228.35
3702,685388.2962962963
3703,81308016.31818181
3704,75032259.38709678
3705,7183995.826086956
3706,83867372.1
3707,1926924.3461538462
3708,13423985.181818182
3709,238301286.5
3710,11753317.311111111
3711,9251412.652173912
3712,42391221.75
3713,57036649.05
3714,3967976.411764706
3715,5153799.55
3716,13423985.181818182
3717,336910.1052631579
3718,4870505.76
3719,24776071.782608695
3720,9018592.913043479
3721,685388.2962962963
3722,75713828.33333333
3723,3465104.6363636362
3724,14751549.086956521
3725,46494405.74074074
3726,11753317.311111111
3727,129387662.51351352
3728,204376226.53333333
3729,40481454.85
3730,145046562.65625
3731,184947459.89285713
3732,336910.1052631579
3733,327304903.8148148
3734,471943205.09090906
3735,57114660.03225806
3736,22174131.57142857
3737,11818589.2
3738,685388.2962962963
3739,13423985.181818182
3740,6239175.236363636
3741,17965388.222222224
3742,71262002.71428572
3743,93244911.8235294
3744,137775589.30769232
3745,75713828.33333333
3746,125486463.8888889
3747,336910.1052631579
3748,5153799.55
3749,9018592.913043479
3750,3967976.411764706
3751,22174131.57142857
3752,3789919.625
3753,24252955.04225352
3754,30463334.138888888
3755,24776071.782608695
3756,9092371.5
3757,471943205.09090906
3758,135489996.1
3759,11677905.1
3760,184947459.89285713
3761,75032259.38709678
3762,327304903.8148148
3763,17965388.222222224
3764,42391221.75
3765,4367777.0
3766,5153799.55
3767,11677905.1
3768,24252955.04225352
3769,4870505.76
3770,6239175.236363636
3771,38209026.56
3772,40481454.85
3773,38209026.56
3774,11818589.2
3775,184947459.89285713
3776,103376017.23333333
3777,3789919.625
3778,336910.1052631579
3779,11753317.311111111
3780,842473.1388888889
3781,42391221.75
3782,3967976.411764706
3783,41419433.0
3784,14825462.5
3785,471943205.09090906
3786,11753317.311111111
3787,238301286.5
3788,385033987.6296296
3789,2053548.08
3790,7826161.423728813
3791,29660961.583333332
3792,1926924.3461538462
3793,4870505.76
3794,6654154.857142857
3795,385033987.6296296
3796,93244911.8235294
3797,11753317.311111111
3798,57114660.03225806
3799,11753317.311111111
3800,6654154.857142857
3801,85625261.47619048
3802,842473.1388888889
3803,25311745.0
3804,1716388.3333333333
3805,685388.2962962963
3806,145046562.65625
3807,14825462.5
3808,2284025.595238095
3809,60928991.08
3810,16726707.2
3811,11753317.311111111
3812,2053548.08
3813,336910.1052631579
3814,25311745.0
3815,121205067.9
3816,125486463.8888889
3817,145046562.65625
3818,103376017.23333333
3819,9092371.5
3820,75032259.38709678
3821,75032259.38709678
3822,7183995.826086956
3823,7183995.826086956
3824,13423985.181818182
3825,11753317.311111111
3826,75032259.38709678
3827,67691415.55
3828,24252955.04225352
3829,336910.1052631579
3830,85625261.47619048
3831,9251412.652173912
3832,184947459.89285713
3833,41419433.0
3834,16726707.2
3835,11677905.1
3836,6654154.857142857
3837,30463334.138888888
3838,22174131.57142857
3839,6239175.236363636
3840,15344393.954545455
3841,40481454.85
3842,6239175.236363636
3843,42391221.75
3844,9251412.652173912
3845,336910.1052631579
3846,4367777.0
3847,842473.1388888889
3848,2053548.08
3849,71262002.71428572
3850,38860658.692307696
3851,145046562.65625
3852,7183995.826086956
3853,204376226.53333333
3854,336910.1052631579
3855,1716388.3333333333
3856,24252955.04225352
3857,809912867.8518518
3858,336910.1052631579
3859,24252955.04225352
3860,21557648.304347824
3861,38860658.692307696
3862,24252955.04225352
3863,103376017.23333333
3864,75032259.38709678
3865,75032259.38709678
3866,11677905.1
3867,67691415.55
3868,6239175.236363636
3869,85625261.47619048
3870,71262002.71428572
3871,809912867.8518518
3872,46494405.74074074
3873,38209026.56
3874,2284025.595238095
3875,75032259.38709678
3876,1215430.3529411764
3877,38209026.56
3878,145046562.65625
3879,327304903.8148148
3880,17965388.222222224
3881,1926924.3461538462
3882,4367777.0
3883,3789919.625
3884,204376226.53333333
3885,15344393.954545455
3886,30463334.138888888
3887,9092371.5
3888,2284025.595238095
3889,16726707.2
3890,204376226.53333333
3891,11677905.1
3892,16726707.2
3893,471943205.09090906
3894,103376017.23333333
3895,60928991.08
3896,58820198.8
3897,4367777.0
3898,42391221.75
3899,809912867.8518518
3900,9092371.5
3901,4870505.76
3902,1215430.3529411764
3903,16726707.2
3904,11818589.2
3905,22174131.57142857
3906,83867372.1
3907,7826161.423728813
3908,2284025.595238095
3909,1215430.3529411764
3910,40481454.85
3911,9251412.652173912
3912,11677905.1
3913,71262002.71428572
3914,38860658.692307696
3915,204376226.53333333
3916,1926924.3461538462
3917,24252955.04225352
3918,11677905.1
3919,75032259.38709678
3920,15344393.954545455
3921,685388.2962962963
3922,7183995.826086956
3923,30463334.138888888
3924,38860658.692307696
3925,327304903.8148148
3926,7826161.423728813
3927,24776071.782608695
3928,129387662.51351352
3929,42391221.75
3930,7826161.423728813
3931,29660961.583333332
3932,24252955.04225352
3933,36682208.038461536
3934,75713828.33333333
3935,336910.1052631579
3936,3967976.411764706
3937,184947459.89285713
3938,11677905.1
3939,57114660.03225806
3940,3789919.625
3941,38860658.692307696
3942,327304903.8148148
3943,809912867.8518518
3944,40481454.85
3945,24776071.782608695
3946,4870505.76
3947,69660097.75
3948,11818589.2
3949,2053548.08
3950,6239175.236363636
3951,40481454.85
3952,57114660.03225806
3953,89260228.35
3954,471943205.09090906
3955,24252955.04225352
3956,89260228.35
3957,24252955.04225352
3958,6239175.236363636
3959,11677905.1
3960,9251412.652173912
3961,21557648.304347824
3962,6239175.236363636
3963,38860658.692307696
3964,809912867.8518518
3965,137775589.30769232
3966,24776071.782608695
3967,238301286.5
3968,42391221.75
3969,9018592.913043479
3970,93244911.8235294
3971,29660961.583333332
3972,24252955.04225352
3973,38209026.56
3974,1926924.3461538462
3975,83867372.1
3976,89260228.35
3977,184947459.89285713
3978,204376226.53333333
3979,9251412.652173912
3980,842473.1388888889
3981,3465104.6363636362
3982,9092371.5
3983,14751549.086956521
3984,385033987.6296296
3985,6239175.236363636
3986,809912867.8518518
3987,41419433.0
3988,7183995.826086956
3989,38860658.692307696
3990,38209026.56
3991,7826161.423728813
3992,336910.1052631579
3993,7183995.826086956
3994,58820198.8
3995,42391221.75
3996,145046562.65625
3997,5153799.55
3998,204376226.53333333
3999,24252955.04225352
4000,41419433.0
4001,3465104.6363636362
4002,327304903.8148148
4003,1926924.3461538462
4004,75713828.33333333
4005,1716388.3333333333
4006,21557648.304347824
4007,1215430.3529411764
4008,11677905.1
4009,5153799.55
4010,3967976.411764706
4011,38860658.692307696
4012,184947459.89285713
4013,145046562.65625
4014,842473.1388888889
4015,85625261.47619048
4016,21557648.304347824
4017,60928991.08
4018,121205067.9
4019,385033987.6296296
4020,25311745.0
4021,85625261.47619048
4022,11753317.311111111
4023,184947459.89285713
4024,65216779.38095238
4025,842473.1388888889
4026,145046562.65625
4027,103376017.23333333
4028,7826161.423728813
4029,336910.1052631579
4030,38860658.692307696
4031,129387662.51351352
4032,842473.1388888889
4033,336910.1052631579
4034,3465104.6363636362
4035,24776071.782608695
4036,7826161.423728813
4037,24252955.04225352
4038,14825462.5
4039,24252955.04225352
4040,25311745.0
4041,2284025.595238095
4042,85625261.47619048
4043,12486188.0
4044,103376017.23333333
4045,57036649.05
4046,11753317.311111111
4047,471943205.09090906
4048,11753317.311111111
4049,685388.2962962963
4050,842473.1388888889
4051,809912867.8518518
4052,5153799.55
4053,9251412.652173912
4054,3967976.411764706
4055,15344393.954545455
4056,5153799.55
4057,1716388.3333333333
4058,9092371.5
4059,11677905.1
4060,85625261.47619048
4061,145046562.65625
4062,21557648.304347824
4063,22174131.57142857
4064,471943205.09090906
4065,103376017.23333333
4066,24252955.04225352
4067,38209026.56
4068,24252955.04225352
4069,9092371.5
4070,46494405.74074074
4071,2053548.08
4072,11753317.311111111
4073,204376226.53333333
4074,685388.2962962963
4075,9092371.5
4076,36682208.038461536
4077,385033987.6296296
4078,7826161.423728813
4079,71262002.71428572
4080,4367777.0
4081,14198215.2
4082,184947459.89285713
4083,93244911.8235294
4084,1926924.3461538462
4085,57114660.03225806
4086,204376226.53333333
4087,7183995.826086956
4088,36682208.038461536
4089,38860658.692307696
4090,3789919.625
4091,135489996.1
4092,145046562.65625
4093,30463334.138888888
4094,12114011.892857144
4095,137775589.30769232
4096,24252955.04225352
4097,57114660.03225806
4098,15344393.954545455
4099,11677905.1
4100,81308016.31818181
4101,30463334.138888888
4102,12486188.0
4103,85625261.47619048
4104,24252955.04225352
4105,1215430.3529411764
4106,7826161.423728813
4107,1926924.3461538462
4108,42391221.75
4109,1215430.3529411764
4110,38860658.692307696
4111,1215430.3529411764
4112,93244911.8235294
4113,14825462.5
4114,385033987.6296296
4115,6654154.857142857
4116,57114660.03225806
4117,11818589.2
4118,38209026.56
4119,41419433.0
4120,9018592.913043479
4121,12486188.0
4122,67691415.55
4123,4367777.0
4124,42391221.75
4125,40481454.85
4126,7183995.826086956
4127,9018592.913043479
4128,25311745.0
4129,4870505.76
4130,6239175.236363636
4131,129387662.51351352
4132,135489996.1
4133,30463334.138888888
4134,13423985.181818182
4135,15344393.954545455
4136,385033987.6296296
4137,11677905.1
4138,30463334.138888888
4139,11677905.1
4140,3789919.625
4141,46494405.74074074
4142,93244911.8235294
4143,58820198.8
4144,11677905.1
4145,22174131.57142857
4146,7826161.423728813
4147,3465104.6363636362
4148,57036649.05
4149,25311745.0
4150,2284025.595238095
4151,9251412.652173912
4152,21557648.304347824
4153,9092371.5
4154,2284025.595238095
4155,36682208.038461536
4156,2053548.08
4157,3789919.625
4158,15344393.954545455
4159,145046562.65625
4160,385033987.6296296
4161,40481454.85
4162,38860658.692307696
4163,125486463.8888889
4164,5153799.55
4165,9018592.913043479
4166,6239175.236363636
4167,89260228.35
4168,11753317.311111111
4169,1926924.3461538462
4170,12114011.892857144
4171,135489996.1
4172,89260228.35
4173,40481454.85
4174,6239175.236363636
4175,2284025.595238095
4176,15344393.954545455
4177,336910.1052631579
4178,809912867.8518518
4179,2053548.08
4180,67691415.55
4181,30463334.138888888
4182,12486188.0
4183,145046562.65625
4184,38860658.692307696
4185,14198215.2
4186,24252955.04225352
4187,60928991.08
4188,29660961.583333332
4189,9251412.652173912
4190,685388.2962962963
4191,4367777.0
4192,336910.1052631579
4193,471943205.09090906
4194,71262002.71428572
4195,24252955.04225352
4196,24252955.04225352
4197,38860658.692307696
4198,1716388.3333333333
4199,11677905.1
4200,89260228.35
4201,121205067.9
4202,67691415.55
4203,24252955.04225352
4204,81308016.31818181
4205,14825462.5
4206,38860658.692307696
4207,385033987.6296296
4208,809912867.8518518
4209,81308016.31818181
4210,103376017.23333333
4211,57114660.03225806
4212,471943205.09090906
4213,3789919.625
4214,38860658.692307696
4215,14825462.5
4216,9251412.652173912
4217,2284025.595238095
4218,57114660.03225806
4219,15344393.954545455
4220,36682208.038461536
4221,336910.1052631579
4222,9251412.652173912
4223,103376017.23333333
4224,14825462.5
4225,36682208.038461536
4226,93244911.8235294
4227,65216779.38095238
4228,1926924.3461538462
4229,103376017.23333333
4230,58820198.8
4231,11677905.1
4232,40481454.85
4233,58820198.8
4234,57036649.05
4235,24252955.04225352
4236,25311745.0
4237,17965388.222222224
4238,69660097.75
4239,204376226.53333333
4240,238301286.5
4241,145046562.65625
4242,46494405.74074074
4243,4870505.76
4244,41419433.0
4245,7826161.423728813
4246,842473.1388888889
4247,85625261.47619048
4248,11753317.311111111
4249,89260228.35
4250,30463334.138888888
4251,2284025.595238095
4252,184947459.89285713
4253,121205067.9
4254,24776071.782608695
4255,75032259.38709678
4256,238301286.5
4257,129387662.51351352
4258,57114660.03225806
4259,7826161.423728813
4260,204376226.53333333
4261,5153799.55
4262,3967976.411764706
4263,6654154.857142857
4264,471943205.09090906
4265,24252955.04225352
4266,6239175.236363636
4267,11753317.311111111
4268,46494405.74074074
4269,22174131.57142857
4270,809912867.8518518
4271,89260228.35
4272,1926924.3461538462
4273,27603737.1
4274,38209026.56
4275,16726707.2
4276,38860658.692307696
4277,145046562.65625
4278,24252955.04225352
4279,57036649.05
4280,1926924.3461538462
4281,4870505.76
4282,65216779.38095238
4283,1716388.3333333333
4284,12486188.0
4285,336910.1052631579
4286,471943205.09090906
4287,30463334.138888888
4288,85625261.47619048
4289,41419433.0
4290,85625261.47619048
4291,25311745.0
4292,25311745.0
4293,93244911.8235294
4294,71262002.71428572
4295,137775589.30769232
4296,24776071.782608695
4297,65216779.38095238
4298,2284025.595238095
4299,11753317.311111111
4300,75713828.33333333
4301,11753317.311111111
4302,14825462.5
4303,12114011.892857144
4304,38860658.692307696
4305,57036649.05
4306,21557648.304347824
4307,336910.1052631579
4308,1716388.3333333333
4309,85625261.47619048
4310,9251412.652173912
4311,9251412.652173912
4312,145046562.65625
4313,145046562.65625
4314,25311745.0
4315,204376226.53333333
4316,327304903.8148148
4317,9251412.652173912
4318,21557648.304347824
4319,685388.2962962963
4320,6239175.236363636
4321,58820198.8
4322,3789919.625
4323,12486188.0
4324,6239175.236363636
4325,11677905.1
4326,24252955.04225352
4327,81308016.31818181
4328,6239175.236363636
4329,1716388.3333333333
4330,809912867.8518518
4331,38209026.56
4332,58820198.8
4333,7826161.423728813
4334,71262002.71428572
4335,145046562.65625
4336,42391221.75
4337,336910.1052631579
4338,238301286.5
4339,135489996.1
4340,38860658.692307696
4341,24252955.04225352
4342,13423985.181818182
4343,36682208.038461536
4344,3789919.625
4345,1215430.3529411764
4346,58820198.8
4347,85625261.47619048
4348,336910.1052631579
4349,327304903.8148148
4350,11818589.2
4351,385033987.6296296
4352,9251412.652173912
4353,135489996.1
4354,42391221.75
4355,36682208.038461536
4356,6239175.236363636
4357,75032259.38709678
4358,13423985.181818182
4359,93244911.8235294
4360,69660097.75
4361,67691415.55
4362,11818589.2
4363,85625261.47619048
4364,81308016.31818181
4365,14198215.2
4366,38209026.56
4367,57036649.05
4368,71262002.71428572
4369,36682208.038461536
4370,125486463.8888889
4371,9092371.5
4372,30463334.138888888
4373,24252955.04225352
4374,38860658.692307696
4375,9018592.913043479
4376,1926924.3461538462
4377,16726707.2
4378,65216779.38095238
4379,71262002.71428572
4380,24776071.782608695
4381,129387662.51351352
4382,471943205.09090906
4383,238301286.5
4384,57114660.03225806
4385,3967976.411764706
4386,327304903.8148148
4387,145046562.65625
4388,145046562.65625
4389,327304903.8148148
4390,2284025.595238095
4391,685388.2962962963
4392,129387662.51351352
4393,93244911.8235294
4394,30463334.138888888
4395,11753317.311111111
4396,58820198.8
4397,40481454.85
4398,129387662.51351352
4399,3789919.625
4400,17965388.222222224
4401,24252955.04225352
4402,14751549.086956521
4403,30463334.138888888
4404,121205067.9
4405,24252955.04225352
4406,7826161.423728813
4407,842473.1388888889
4408,3465104.6363636362
4409,1215430.3529411764
4410,13423985.181818182
4411,7183995.826086956
4412,129387662.51351352
4413,145046562.65625
4414,4870505.76
4415,11753317.311111111
4416,3465104.6363636362
4417,83867372.1
4418,3967976.411764706
4419,41419433.0
4420,385033987.6296296
4421,3789919.625
4422,16726707.2
4423,11753317.311111111
4424,3967976.411764706
4425,9092371.5
4426,16726707.2
4427,83867372.1
4428,13423985.181818182
4429,6654154.857142857
4430,842473.1388888889
4431,336910.1052631579
4432,184947459.89285713
4433,327304903.8148148
4434,471943205.09090906
4435,9092371.5
4436,65216779.38095238
4437,2053548.08
4438,7826161.423728813
4439,11753317.311111111
4440,2053548.08
4441,38209026.56
4442,3789919.625
4443,3967976.411764706
4444,1716388.3333333333
4445,7183995.826086956
4446,2284025.595238095
4447,125486463.8888889
4448,16726707.2
4449,14198215.2
4450,67691415.55
4451,385033987.6296296
4452,36682208.038461536
4453,2284025.595238095
4454,1215430.3529411764
4455,4870505.76
4456,67691415.55
4457,3789919.625
4458,685388.2962962963
4459,93244911.8235294
4460,12114011.892857144
4461,71262002.71428572
4462,75032259.38709678
4463,13423985.181818182
4464,85625261.47619048
4465,30463334.138888888
4466,9251412.652173912
4467,9092371.5
4468,2284025.595238095
4469,57036649.05
4470,42391221.75
4471,685388.2962962963
4472,184947459.89285713
4473,16726707.2
4474,40481454.85
4475,6654154.857142857
4476,1716388.3333333333
4477,30463334.138888888
4478,3789919.625
4479,2053548.08
4480,81308016.31818181
4481,46494405.74074074
4482,40481454.85
4483,9092371.5
4484,2284025.595238095
4485,57114660.03225806
4486,93244911.8235294
4487,11753317.311111111
4488,89260228.35
4489,38209026.56
4490,3967976.411764706
4491,135489996.1
4492,17965388.222222224
4493,24252955.04225352
4494,40481454.85
4495,5153799.55
4496,57114660.03225806
4497,11753317.311111111
4498,30463334.138888888
4499,842473.1388888889
4500,145046562.65625
4501,89260228.35
4502,13423985.181818182
4503,238301286.5
4504,4367777.0
4505,2053548.08
4506,71262002.71428572
4507,2284025.595238095
4508,6654154.857142857
4509,7826161.423728813
4510,7183995.826086956
4511,137775589.30769232
4512,3967976.411764706
4513,69660097.75
4514,11677905.1
4515,471943205.09090906
4516,11753317.311111111
4517,17965388.222222224
4518,67691415.55
4519,24776071.782608695
4520,17965388.222222224
4521,9092371.5
4522,24776071.782608695
4523,57036649.05
4524,9018592.913043479
4525,6239175.236363636
4526,7826161.423728813
4527,93244911.8235294
4528,2053548.08
4529,3465104.6363636362
4530,60928991.08
4531,11818589.2
4532,11753317.311111111
4533,57114660.03225806
4534,13423985.181818182
4535,89260228.35
4536,11677905.1
4537,842473.1388888889
4538,60928991.08
4539,1215430.3529411764
4540,145046562.65625
4541,15344393.954545455
4542,75032259.38709678
4543,75713828.33333333
4544,25311745.0
4545,3465104.6363636362
4546,2284025.595238095
4547,7826161.423728813
4548,6239175.236363636
4549,9251412.652173912
4550,11753317.311111111
4551,809912867.8518518
4552,81308016.31818181
4553,15344393.954545455
4554,385033987.6296296
4555,7826161.423728813
4556,42391221.75
4557,40481454.85
4558,36682208.038461536
4559,81308016.31818181
4560,145046562.65625
4561,57036649.05
4562,4367777.0
4563,385033987.6296296
4564,336910.1052631579
4565,1926924.3461538462
4566,36682208.038461536
4567,71262002.71428572
4568,9018592.913043479
4569,29660961.583333332
4570,14751549.086956521
4571,3789919.625
4572,30463334.138888888
4573,38209026.56
4574,336910.1052631579
4575,2284025.595238095
4576,14751549.086956521
4577,24252955.04225352
4578,30463334.138888888
4579,6239175.236363636
4580,145046562.65625
4581,7183995.826086956
4582,58820198.8
4583,327304903.8148148
4584,6239175.236363636
4585,129387662.51351352
4586,24252955.04225352
4587,6239175.236363636
4588,137775589.30769232
4589,6239175.236363636
4590,809912867.8518518
4591,24776071.782608695
4592,4367777.0
4593,1716388.3333333333
4594,36682208.038461536
4595,327304903.8148148
4596,471943205.09090906
4597,9092371.5
4598,129387662.51351352
4599,9092371.5
4600,4367777.0
4601,58820198.8
4602,22174131.57142857
4603,30463334.138888888
4604,93244911.8235294
4605,327304903.8148148
4606,204376226.53333333
4607,38860658.692307696
4608,16726707.2
4609,36682208.038461536
4610,137775589.30769232
4611,22174131.57142857
4612,38860658.692307696
4613,36682208.038461536
4614,24252955.04225352
4615,11677905.1
4616,685388.2962962963
4617,85625261.47619048
4618,1716388.3333333333
4619,9092371.5
4620,3967976.411764706
4621,385033987.6296296
4622,24252955.04225352
4623,40481454.85
4624,1215430.3529411764
4625,14751549.086956521
4626,24252955.04225352
4627,12114011.892857144
4628,6239175.236363636
4629,4870505.76
4630,24252955.04225352
4631,17965388.222222224
4632,14825462.5
4633,1215430.3529411764
4634,1716388.3333333333
4635,842473.1388888889
4636,145046562.65625
4637,9251412.652173912
4638,22174131.57142857
4639,1716388.3333333333
4640,38209026.56
4641,17965388.222222224
4642,11677905.1
4643,67691415.55
4644,2284025.595238095
4645,3967976.411764706
4646,809912867.8518518
4647,4367777.0
4648,25311745.0
4649,204376226.53333333
4650,145046562.65625
4651,75032259.38709678
4652,385033987.6296296
4653,1215430.3529411764
4654,75713828.33333333
4655,71262002.71428572
4656,24252955.04225352
4657,6239175.236363636
4658,40481454.85
4659,2284025.595238095
4660,11753317.311111111
4661,46494405.74074074
4662,14825462.5
4663,24252955.04225352
4664,11677905.1
4665,30463334.138888888
4666,38209026.56
4667,145046562.65625
4668,1215430.3529411764
4669,6239175.236363636
4670,24776071.782608695
4671,11753317.311111111
4672,2284025.595238095
4673,13423985.181818182
4674,14198215.2
4675,13423985.181818182
4676,4367777.0
4677,1926924.3461538462
4678,13423985.181818182
4679,1926924.3461538462
4680,842473.1388888889
4681,60928991.08
4682,9018592.913043479
4683,1215430.3529411764
4684,3465104.6363636362
4685,38209026.56
4686,13423985.181818182
4687,6239175.236363636
4688,129387662.51351352
4689,2053548.08
4690,12114011.892857144
4691,14751549.086956521
4692,11753317.311111111
4693,9092371.5
4694,14825462.5
4695,36682208.038461536
4696,46494405.74074074
4697,41419433.0
4698,9018592.913043479
4699,7183995.826086956
4700,129387662.51351352
4701,238301286.5
4702,22174131.57142857
4703,24252955.04225352
4704,145046562.65625
4705,81308016.31818181
4706,103376017.23333333
4707,17965388.222222224
4708,11677905.1
4709,336910.1052631579
4710,471943205.09090906
4711,22174131.57142857
4712,2284025.595238095
4713,327304903.8148148
4714,7183995.826086956
4715,336910.1052631579
4716,2284025.595238095
4717,21557648.304347824
4718,22174131.57142857
4719,125486463.8888889
4720,11753317.311111111
4721,6654154.857142857
4722,75713828.33333333
4723,14825462.5
4724,129387662.51351352
4725,3465104.6363636362
4726,9018592.913043479
4727,12114011.892857144
4728,38209026.56
4729,103376017.23333333
4730,336910.1052631579
4731,38860658.692307696
4732,385033987.6296296
4733,1926924.3461538462
4734,238301286.5
4735,42391221.75
4736,40481454.85
4737,42391221.75
4738,4870505.76
4739,24776071.782608695
4740,471943205.09090906
4741,685388.2962962963
4742,125486463.8888889
4743,1716388.3333333333
4744,685388.2962962963
4745,385033987.6296296
4746,85625261.47619048
4747,12114011.892857144
4748,85625261.47619048
4749,17965388.222222224
4750,6239175.236363636
4751,75032259.38709678
4752,6239175.236363636
4753,25311745.0
4754,809912867.8518518
4755,24252955.04225352
4756,57114660.03225806
4757,129387662.51351352
4758,71262002.71428572
4759,471943205.09090906
4760,9251412.652173912
4761,13423985.181818182
4762,7826161.423728813
4763,1926924.3461538462
4764,471943205.09090906
4765,24252955.04225352
4766,137775589.30769232
4767,42391221.75
4768,85625261.47619048
4769,38209026.56
4770,129387662.51351352
4771,75032259.38709678
4772,38860658.692307696
4773,29660961.583333332
4774,25311745.0
4775,1926924.3461538462
4776,3967976.411764706
4777,238301286.5
4778,81308016.31818181
4779,27603737.1
4780,385033987.6296296
4781,336910.1052631579
4782,58820198.8
4783,29660961.583333332
4784,25311745.0
4785,36682208.038461536
4786,75032259.38709678
4787,24776071.782608695
4788,57036649.05
4789,14825462.5
4790,121205067.9
4791,16726707.2
4792,25311745.0
4793,12114011.892857144
4794,842473.1388888889
4795,6239175.236363636
4796,11818589.2
4797,809912867.8518518
4798,121205067.9
4799,40481454.85
4800,36682208.038461536
4801,7826161.423728813
4802,36682208.038461536
4803,7826161.423728813
4804,2053548.08
4805,7826161.423728813
4806,11753317.311111111
4807,1716388.3333333333
4808,2053548.08
4809,135489996.1
4810,1215430.3529411764
4811,4367777.0
4812,204376226.53333333
4813,145046562.65625
4814,4870505.76
4815,38860658.692307696
4816,57036649.05
4817,7826161.423728813
4818,41419433.0
4819,7826161.423728813
4820,89260228.35
4821,3967976.411764706
4822,3967976.411764706
4823,24252955.04225352
4824,38209026.56
4825,75032259.38709678
4826,46494405.74074074
4827,58820198.8
4828,21557648.304347824
4829,21557648.304347824
4830,22174131.57142857
4831,57114660.03225806
4832,7183995.826086956
4833,14198215.2
4834,11753317.311111111
4835,65216779.38095238
4836,11753317.311111111
4837,125486463.8888889
4838,60928991.08
4839,336910.1052631579
4840,471943205.09090906
4841,336910.1052631579
4842,103376017.23333333
4843,137775589.30769232
4844,3967976.411764706
4845,36682208.038461536
4846,4870505.76
4847,385033987.6296296
4848,60928991.08
4849,327304903.8148148
4850,24252955.04225352
4851,336910.1052631579
4852,6239175.236363636
4853,135489996.1
4854,24252955.04225352
4855,41419433.0
4856,11753317.311111111
4857,57114660.03225806
4858,42391221.75
4859,16726707.2
4860,471943205.09090906
4861,184947459.89285713
4862,145046562.65625
4863,385033987.6296296
4864,41419433.0
4865,30463334.138888888
4866,11753317.311111111
4867,135489996.1
4868,24252955.04225352
4869,6654154.857142857
4870,12114011.892857144
4871,38860658.692307696
4872,1716388.3333333333
4873,22174131.57142857
4874,103376017.23333333
4875,40481454.85
4876,58820198.8
4877,57114660.03225806
4878,6239175.236363636
4879,30463334.138888888
4880,17965388.222222224
4881,9018592.913043479
4882,7183995.826086956
4883,121205067.9
4884,67691415.55
4885,16726707.2
4886,38860658.692307696
4887,4367777.0
4888,6239175.236363636
4889,4367777.0
4890,121205067.9
4891,842473.1388888889
4892,6654154.857142857
4893,121205067.9
4894,842473.1388888889
4895,16726707.2
4896,65216779.38095238
4897,3789919.625
4898,184947459.89285713
4899,145046562.65625
4900,327304903.8148148
4901,121205067.9
4902,6239175.236363636
4903,16726707.2
4904,238301286.5
4905,5153799.55
4906,336910.1052631579
4907,809912867.8518518
4908,21557648.304347824
4909,83867372.1
4910,93244911.8235294
4911,38860658.692307696
4912,83867372.1
4913,24252955.04225352
4914,75713828.33333333
4915,75713828.33333333
4916,40481454.85
4917,13423985.181818182
4918,125486463.8888889
4919,36682208.038461536
4920,38209026.56
4921,103376017.23333333
4922,24252955.04225352
4923,6239175.236363636
4924,83867372.1
4925,137775589.30769232
4926,2284025.595238095
4927,22174131.57142857
4928,38860658.692307696
4929,6239175.236363636
4930,11753317.311111111
4931,15344393.954545455
4932,7826161.423728813
4933,121205067.9
4934,1215430.3529411764
4935,809912867.8518518
4936,2053548.08
4937,842473.1388888889
4938,24252955.04225352
4939,842473.1388888889
4940,2053548.08
4941,41419433.0
4942,2284025.595238095
4943,145046562.65625
4944,121205067.9
4945,14825462.5
4946,2053548.08
4947,9251412.652173912
4948,14825462.5
4949,38209026.56
4950,30463334.138888888
4951,42391221.75
4952,30463334.138888888
4953,204376226.53333333
4954,30463334.138888888
4955,2284025.595238095
4956,6239175.236363636
4957,38209026.56
4958,14198215.2
4959,15344393.954545455
4960,13423985.181818182
4961,67691415.55
4962,4367777.0
4963,7183995.826086956
4964,65216779.38095238
4965,3967976.411764706
4966,7183995.826086956
4967,85625261.47619048
4968,15344393.954545455
4969,1926924.3461538462
4970,1716388.3333333333
4971,41419433.0
4972,22174131.57142857
4973,9092371.5
4974,103376017.23333333
4975,24252955.04225352
4976,842473.1388888889
4977,85625261.47619048
4978,4870505.76
4979,6239175.236363636
4980,38209026.56
4981,24252955.04225352
4982,71262002.71428572
4983,7826161.423728813
4984,145046562.65625
4985,385033987.6296296
4986,11677905.1
4987,7826161.423728813
4988,3789919.625
4989,57114660.03225806
4990,7826161.423728813
4991,24252955.04225352
4992,137775589.30769232
4993,16726707.2
4994,103376017.23333333
4995,336910.1052631579
4996,21557648.304347824
4997,38209026.56
4998,9092371.5
4999,85625261.47619048
5000,129387662.51351352
5001,327304903.8148148
5002,385033987.6296296
5003,93244911.8235294
5004,60928991.08
5005,38860658.692307696
5006,471943205.09090906
5007,57114660.03225806
5008,471943205.09090906
5009,40481454.85
5010,13423985.181818182
5011,13423985.181818182
5012,67691415.55
5013,65216779.38095238
5014,145046562.65625
5015,24252955.04225352
5016,135489996.1
5017,38860658.692307696
5018,65216779.38095238
5019,85625261.47619048
5020,6239175.236363636
5021,336910.1052631579
5022,38860658.692307696
5023,6239175.236363636
5024,71262002.71428572
5025,2284025.595238095
5026,67691415.55
5027,41419433.0
5028,75032259.38709678
5029,129387662.51351352
5030,38860658.692307696
5031,3789919.625
5032,67691415.55
5033,3789919.625
5034,7183995.826086956
5035,1215430.3529411764
5036,24252955.04225352
5037,24776071.782608695
5038,327304903.8148148
5039,842473.1388888889
5040,121205067.9
5041,38860658.692307696
5042,11753317.311111111
5043,21557648.304347824
5044,327304903.8148148
5045,6239175.236363636
5046,2284025.595238095
5047,4367777.0
5048,1215430.3529411764
5049,103376017.23333333
5050,4870505.76
5051,471943205.09090906
5052,137775589.30769232
5053,15344393.954545455
5054,41419433.0
5055,24252955.04225352
5056,14825462.5
5057,46494405.74074074
5058,17965388.222222224
5059,38860658.692307696
5060,71262002.71428572
5061,24776071.782608695
5062,1926924.3461538462
5063,1926924.3461538462
5064,69660097.75
5065,14751549.086956521
5066,13423985.181818182
5067,75713828.33333333
5068,9092371.5
5069,103376017.23333333
5070,65216779.38095238
5071,71262002.71428572
5072,81308016.31818181
5073,25311745.0
5074,11677905.1
5075,13423985.181818182
5076,30463334.138888888
5077,129387662.51351352
5078,4367777.0
5079,13423985.181818182
5080,103376017.23333333
5081,89260228.35
5082,29660961.583333332
5083,6654154.857142857
5084,17965388.222222224
5085,685388.2962962963
5086,4870505.76
5087,11677905.1
5088,7826161.423728813
5089,6239175.236363636
5090,15344393.954545455
5091,21557648.304347824
5092,60928991.08
5093,69660097.75
5094,81308016.31818181
5095,129387662.51351352
5096,57114660.03225806
5097,1926924.3461538462
5098,842473.1388888889
5099,2284025.595238095
5100,6239175.236363636
5101,1215430.3529411764
5102,11753317.311111111
5103,2284025.595238095
5104,69660097.75
5105,6239175.236363636
5106,2284025.595238095
5107,6239175.236363636
5108,29660961.583333332
5109,685388.2962962963
5110,46494405.74074074
5111,71262002.71428572
5112,14751549.086956521
5113,336910.1052631579
5114,9092371.5
5115,7826161.423728813
5116,9018592.913043479
5117,385033987.6296296
5118,89260228.35
5119,1716388.3333333333
5120,685388.2962962963
5121,85625261.47619048
5122,36682208.038461536
5123,11753317.311111111
5124,17965388.222222224
5125,15344393.954545455
5126,5153799.55
5127,93244911.8235294
5128,336910.1052631579
5129,3967976.411764706
5130,41419433.0
5131,5153799.55
5132,42391221.75
5133,135489996.1
5134,184947459.89285713
5135,184947459.89285713
5136,2053548.08
5137,41419433.0
5138,7183995.826086956
5139,137775589.30769232
5140,81308016.31818181
5141,58820198.8
5142,184947459.89285713
5143,145046562.65625
5144,75713828.33333333
5145,27603737.1
5146,9018592.913043479
5147,11677905.1
5148,93244911.8235294
5149,842473.1388888889
5150,471943205.09090906
5151,471943205.09090906
5152,89260228.35
5153,2053548.08
5154,30463334.138888888
5155,3967976.411764706
5156,385033987.6296296
5157,6239175.236363636
5158,3789919.625
5159,85625261.47619048
5160,40481454.85
5161,38860658.692307696
5162,103376017.23333333
5163,125486463.8888889
5164,3967976.411764706
5165,83867372.1
5166,137775589.30769232
5167,6654154.857142857
5168,6239175.236363636
5169,14198215.2
5170,65216779.38095238
5171,67691415.55
5172,14825462.5
5173,41419433.0
5174,129387662.51351352
5175,6654154.857142857
5176,11818589.2
5177,145046562.65625
5178,809912867.8518518
5179,3967976.411764706
5180,14198215.2
5181,1215430.3529411764
5182,58820198.8
5183,2284025.595238095
5184,12114011.892857144
5185,4367777.0
5186,11753317.311111111
5187,3789919.625
5188,2284025.595238095
5189,57036649.05
5190,327304903.8148148
5191,65216779.38095238
5192,103376017.23333333
5193,125486463.8888889
5194,57114660.03225806
5195,137775589.30769232
5196,24776071.782608695
5197,65216779.38095238
5198,69660097.75
5199,11677905.1
5200,11818589.2
5201,11753317.311111111
5202,7826161.423728813
5203,7826161.423728813
5204,336910.1052631579
5205,17965388.222222224
5206,38860658.692307696
5207,2284025.595238095
5208,65216779.38095238
5209,204376226.53333333
5210,42391221.75
5211,11753317.311111111
5212,9092371.5
5213,145046562.65625
5214,1926924.3461538462
5215,11753317.311111111
5216,57036649.05
5217,2284025.595238095
5218,24252955.04225352
5219,65216779.38095238
5220,75713828.33333333
5221,1926924.3461538462
5222,14198215.2
5223,83867372.1
5224,336910.1052631579
5225,1926924.3461538462
5226,85625261.47619048
5227,4367777.0
5228,60928991.08
5229,125486463.8888889
5230,9018592.913043479
5231,40481454.85
5232,1215430.3529411764
5233,3967976.411764706
5234,145046562.65625
5235,21557648.304347824
5236,184947459.89285713
5237,184947459.89285713
5238,9092371.5
5239,57114660.03225806
5240,93244911.8235294
5241,24776071.782608695
5242,57036649.05
5243,1215430.3529411764
5244,103376017.23333333
5245,6239175.236363636
5246,40481454.85
5247,83867372.1
5248,2284025.595238095
5249,42391221.75
5250,67691415.55
5251,11753317.311111111
5252,1926924.3461538462
5253,6654154.857142857
5254,2284025.595238095
5255,145046562.65625
5256,9092371.5
5257,2053548.08
5258,2053548.08
5259,103376017.23333333
5260,4367777.0
5261,75713828.33333333
5262,7183995.826086956
5263,40481454.85
5264,7826161.423728813
5265,24252955.04225352
5266,93244911.8235294
5267,842473.1388888889
5268,11818589.2
5269,135489996.1
5270,75032259.38709678
5271,11753317.311111111
5272,71262002.71428572
5273,1926924.3461538462
5274,58820198.8
5275,24252955.04225352
5276,12114011.892857144
5277,2284025.595238095
5278,15344393.954545455
5279,7183995.826086956
5280,9251412.652173912
5281,7183995.826086956
5282,46494405.74074074
5283,4367777.0
5284,9018592.913043479
5285,83867372.1
5286,11753317.311111111
5287,25311745.0
5288,1716388.3333333333
5289,81308016.31818181
5290,184947459.89285713
5291,809912867.8518518
5292,81308016.31818181
5293,184947459.89285713
5294,336910.1052631579
5295,809912867.8518518
5296,3967976.411764706
5297,89260228.35
5298,71262002.71428572
5299,7826161.423728813
5300,9018592.913043479
5301,13423985.181818182
5302,145046562.65625
5303,9018592.913043479
5304,5153799.55
5305,3789919.625
5306,75032259.38709678
5307,327304903.8148148
5308,336910.1052631579
5309,1926924.3461538462
5310,71262002.71428572
5311,11677905.1
5312,137775589.30769232
5313,385033987.6296296
5314,75032259.38709678
5315,7826161.423728813
5316,60928991.08
5317,24252955.04225352
5318,9018592.913043479
5319,9092371.5
5320,93244911.8235294
5321,36682208.038461536
5322,1215430.3529411764
5323,385033987.6296296
5324,38860658.692307696
5325,11677905.1
5326,22174131.57142857
5327,71262002.71428572
5328,14751549.086956521
5329,6654154.857142857
5330,137775589.30769232
5331,2284025.595238095
5332,9251412.652173912
5333,58820198.8
5334,30463334.138888888
5335,11818589.2
5336,38860658.692307696
5337,2284025.595238095
5338,38209026.56
5339,5153799.55
5340,6239175.236363636
5341,129387662.51351352
5342,327304903.8148148
5343,40481454.85
5344,135489996.1
5345,3967976.411764706
5346,75032259.38709678
5347,4367777.0
5348,14751549.086956521
5349,7826161.423728813
5350,9251412.652173912
5351,125486463.8888889
5352,842473.1388888889
5353,29660961.583333332
5354,145046562.65625
5355,89260228.35
5356,24252955.04225352
5357,4870505.76
5358,65216779.38095238
5359,57036649.05
5360,125486463.8888889
5361,2053548.08
5362,4870505.76
5363,30463334.138888888
5364,4870505.76
5365,75713828.33333333
5366,125486463.8888889
5367,145046562.65625
5368,17965388.222222224
5369,385033987.6296296
5370,41419433.0
5371,38209026.56
5372,809912867.8518518
5373,57036649.05
5374,121205067.9
5375,145046562.65625
5376,125486463.8888889
5377,7183995.826086956
5378,9251412.652173912
5379,12114011.892857144
5380,24776071.782608695
5381,204376226.53333333
5382,75713828.33333333
5383,336910.1052631579
5384,327304903.8148148
5385,71262002.71428572
5386,65216779.38095238
5387,13423985.181818182
5388,327304903.8148148
5389,40481454.85
5390,11753317.311111111
5391,57114660.03225806
5392,336910.1052631579
5393,11753317.311111111
5394,38209026.56
5395,24252955.04225352
5396,121205067.9
5397,6654154.857142857
5398,7183995.826086956
5399,3967976.411764706
5400,9018592.913043479
5401,121205067.9
5402,75713828.33333333
5403,9092371.5
5404,1215430.3529411764
5405,75032259.38709678
5406,9251412.652173912
5407,238301286.5
5408,809912867.8518518
5409,135489996.1
5410,11677905.1
5411,15344393.954545455
5412,336910.1052631579
5413,3465104.6363636362
5414,204376226.53333333
5415,89260228.35
5416,36682208.038461536
5417,125486463.8888889
5418,2284025.595238095
5419,9251412.652173912
5420,24776071.782608695
5421,93244911.8235294
5422,125486463.8888889
5423,327304903.8148148
5424,129387662.51351352
5425,21557648.304347824
5426,29660961.583333332
5427,7826161.423728813
5428,12114011.892857144
5429,121205067.9
5430,184947459.89285713
5431,121205067.9
5432,145046562.65625
5433,12114011.892857144
5434,85625261.47619048
5435,40481454.85
5436,21557648.304347824
5437,30463334.138888888
5438,16726707.2
5439,7826161.423728813
5440,85625261.47619048
5441,6239175.236363636
5442,129387662.51351352
5443,129387662.51351352
5444,85625261.47619048
5445,85625261.47619048
5446,204376226.53333333
5447,24252955.04225352
5448,17965388.222222224
5449,89260228.35
5450,2053548.08
5451,38860658.692307696
5452,4870505.76
5453,327304903.8148148
5454,71262002.71428572
5455,7183995.826086956
5456,17965388.222222224
5457,69660097.75
5458,24252955.04225352
5459,25311745.0
5460,336910.1052631579
5461,685388.2962962963
5462,9251412.652173912
5463,809912867.8518518
5464,7826161.423728813
5465,36682208.038461536
5466,121205067.9
5467,75032259.38709678
5468,67691415.55
5469,7826161.423728813
5470,471943205.09090906
5471,135489996.1
5472,85625261.47619048
5473,38860658.692307696
5474,21557648.304347824
5475,41419433.0
5476,7183995.826086956
5477,11818589.2
5478,93244911.8235294
5479,103376017.23333333
5480,24252955.04225352
5481,6239175.236363636
5482,93244911.8235294
5483,11753317.311111111
5484,125486463.8888889
5485,11677905.1
5486,6239175.236363636
5487,327304903.8148148
5488,75713828.33333333
5489,89260228.35
5490,3967976.411764706
5491,57036649.05
5492,14751549.086956521
5493,22174131.57142857
5494,1926924.3461538462
5495,42391221.75
5496,57036649.05
5497,57114660.03225806
5498,7826161.423728813
5499,103376017.23333333
5500,46494405.74074074
5501,6239175.236363636
5502,11753317.311111111
5503,17965388.222222224
5504,9092371.5
5505,3465104.6363636362
5506,385033987.6296296
5507,24776071.782608695
5508,137775589.30769232
5509,204376226.53333333
5510,9092371.5
5511,13423985.181818182
5512,135489996.1
5513,1215430.3529411764
5514,30463334.138888888
5515,17965388.222222224
5516,3967976.411764706
5517,471943205.09090906
5518,5153799.55
5519,204376226.53333333
5520,3789919.625
5521,36682208.038461536
5522,336910.1052631579
5523,238301286.5
5524,385033987.6296296
5525,57114660.03225806
5526,14751549.086956521
5527,3967976.411764706
5528,85625261.47619048
5529,685388.2962962963
5530,238301286.5
5531,4367777.0
5532,40481454.85
5533,135489996.1
5534,471943205.09090906
5535,842473.1388888889
5536,1926924.3461538462
5537,40481454.85
5538,46494405.74074074
5539,137775589.30769232
5540,57036649.05
5541,184947459.89285713
5542,1716388.3333333333
5543,22174131.57142857
5544,145046562.65625
5545,1926924.3461538462
5546,24252955.04225352
5547,24252955.04225352
5548,13423985.181818182
5549,58820198.8
5550,41419433.0
5551,40481454.85
5552,85625261.47619048
5553,75713828.33333333
5554,6239175.236363636
5555,57114660.03225806
5556,38860658.692307696
5557,11753317.311111111
5558,385033987.6296296
5559,4367777.0
5560,3465104.6363636362
5561,13423985.181818182
5562,42391221.75
5563,336910.1052631579
5564,7826161.423728813
5565,27603737.1
5566,7183995.826086956
5567,46494405.74074074
5568,38209026.56
5569,24776071.782608695
5570,60928991.08
5571,71262002.71428572
5572,1215430.3529411764
5573,129387662.51351352
5574,46494405.74074074
5575,204376226.53333333
5576,42391221.75
5577,42391221.75
5578,24252955.04225352
5579,17965388.222222224
5580,7826161.423728813
5581,30463334.138888888
5582,36682208.038461536
5583,121205067.9
5584,38209026.56
5585,17965388.222222224
5586,1716388.3333333333
5587,38860658.692307696
5588,204376226.53333333
5589,129387662.51351352
5590,4870505.76
5591,24252955.04225352
5592,6654154.857142857
5593,93244911.8235294
5594,25311745.0
5595,93244911.8235294
5596,129387662.51351352
5597,25311745.0
5598,7183995.826086956
5599,9092371.5
5600,25311745.0
5601,30463334.138888888
5602,125486463.8888889
5603,1926924.3461538462
5604,27603737.1
5605,327304903.8148148
5606,103376017.23333333
5607,30463334.138888888
5608,103376017.23333333
5609,24252955.04225352
5610,36682208.038461536
5611,42391221.75
5612,471943205.09090906
5613,11753317.311111111
5614,38860658.692307696
5615,24776071.782608695
5616,24252955.04225352
5617,471943205.09090906
5618,30463334.138888888
5619,24776071.782608695
5620,11753317.311111111
5621,75713828.33333333
5622,24252955.04225352
5623,30463334.138888888
5624,471943205.09090906
5625,1215430.3529411764
5626,2284025.595238095
5627,121205067.9
5628,42391221.75
5629,238301286.5
5630,40481454.85
5631,24776071.782608695
5632,83867372.1
5633,14751549.086956521
5634,6239175.236363636
5635,75713828.33333333
5636,4367777.0
5637,11753317.311111111
5638,103376017.23333333
5639,6239175.236363636
5640,9018592.913043479
5641,75713828.33333333
5642,38860658.692307696
5643,9092371.5
5644,809912867.8518518
5645,204376226.53333333
5646,25311745.0
5647,12486188.0
5648,41419433.0
5649,2284025.595238095
5650,137775589.30769232
5651,42391221.75
5652,7826161.423728813
5653,204376226.53333333
5654,75713828.33333333
5655,121205067.9
5656,809912867.8518518
5657,2284025.595238095
5658,24252955.04225352
5659,93244911.8235294
5660,103376017.23333333
5661,16726707.2
5662,385033987.6296296
5663,22174131.57142857
5664,6239175.236363636
5665,75713828.33333333
5666,17965388.222222224
5667,65216779.38095238
5668,2284025.595238095
5669,2284025.595238095
5670,809912867.8518518
5671,36682208.038461536
5672,3967976.411764706
5673,81308016.31818181
5674,22174131.57142857
5675,1716388.3333333333
5676,336910.1052631579
5677,121205067.9
5678,103376017.23333333
5679,9251412.652173912
5680,46494405.74074074
5681,809912867.8518518
5682,9018592.913043479
5683,385033987.6296296
5684,89260228.35
5685,65216779.38095238
5686,3789919.625
5687,85625261.47619048
5688,93244911.8235294
5689,38860658.692307696
5690,11818589.2
5691,75032259.38709678
5692,809912867.8518518
5693,145046562.65625
5694,58820198.8
5695,2053548.08
5696,42391221.75
5697,336910.1052631579
5698,12486188.0
5699,3967976.411764706
5700,85625261.47619048
5701,40481454.85
5702,36682208.038461536
5703,145046562.65625
5704,65216779.38095238
5705,15344393.954545455
5706,1716388.3333333333
5707,15344393.954545455
5708,6239175.236363636
5709,7183995.826086956
5710,2053548.08
5711,27603737.1
5712,184947459.89285713
5713,11818589.2
5714,24252955.04225352
5715,12486188.0
5716,2284025.595238095
5717,15344393.954545455
5718,13423985.181818182
5719,30463334.138888888
5720,60928991.08
5721,71262002.71428572
5722,7826161.423728813
5723,125486463.8888889
5724,842473.1388888889
5725,1215430.3529411764
5726,145046562.65625
5727,238301286.5
5728,6239175.236363636
5729,238301286.5
5730,842473.1388888889
5731,685388.2962962963
5732,25311745.0
5733,6654154.857142857
5734,30463334.138888888
5735,11753317.311111111
5736,24776071.782608695
5737,89260228.35
5738,75032259.38709678
5739,24252955.04225352
5740,36682208.038461536
5741,67691415.55
5742,85625261.47619048
5743,36682208.038461536
5744,336910.1052631579
5745,13423985.181818182
5746,36682208.038461536
5747,9251412.652173912
5748,103376017.23333333
5749,145046562.65625
5750,42391221.75
5751,58820198.8
5752,6654154.857142857
5753,238301286.5
5754,42391221.75
5755,129387662.51351352
5756,15344393.954545455
5757,13423985.181818182
5758,336910.1052631579
5759,24252955.04225352
5760,2284025.595238095
5761,3465104.6363636362
5762,327304903.8148148
5763,71262002.71428572
5764,842473.1388888889
5765,57114660.03225806
5766,42391221.75
5767,60928991.08
5768,93244911.8235294
5769,385033987.6296296
5770,7183995.826086956
5771,60928991.08
5772,15344393.954545455
5773,385033987.6296296
5774,89260228.35
5775,57114660.03225806
5776,6239175.236363636
5777,204376226.53333333
5778,135489996.1
5779,238301286.5
5780,4870505.76
5781,89260228.35
5782,65216779.38095238
5783,145046562.65625
5784,3967976.411764706
5785,41419433.0
5786,17965388.222222224
5787,137775589.30769232
5788,2284025.595238095
5789,30463334.138888888
5790,103376017.23333333
5791,145046562.65625
5792,13423985.181818182
5793,46494405.74074074
5794,75713828.33333333
5795,89260228.35
5796,40481454.85
5797,30463334.138888888
5798,3465104.6363636362
5799,385033987.6296296
5800,336910.1052631579
5801,13423985.181818182
5802,9018592.913043479
5803,1215430.3529411764
5804,471943205.09090906
5805,16726707.2
5806,24252955.04225352
5807,38209026.56
5808,121205067.9
5809,17965388.222222224
5810,9251412.652173912
5811,14825462.5
5812,83867372.1
5813,145046562.65625
5814,9018592.913043479
5815,1215430.3529411764
5816,25311745.0
5817,3465104.6363636362
5818,6239175.236363636
5819,30463334.138888888
5820,12114011.892857144
5821,1215430.3529411764
5822,1926924.3461538462
5823,85625261.47619048
5824,42391221.75
5825,24252955.04225352
5826,7826161.423728813
5827,7826161.423728813
5828,238301286.5
5829,89260228.35
5830,11753317.311111111
5831,75713828.33333333
5832,83867372.1
5833,15344393.954545455
5834,11753317.311111111
5835,1926924.3461538462
5836,103376017.23333333
5837,38209026.56
5838,336910.1052631579
5839,121205067.9
5840,3465104.6363636362
5841,89260228.35
5842,85625261.47619048
5843,46494405.74074074
5844,2053548.08
5845,842473.1388888889
5846,9018592.913043479
5847,103376017.23333333
5848,69660097.75
5849,3789919.625
5850,60928991.08
5851,11677905.1
5852,25311745.0
5853,42391221.75
5854,93244911.8235294
5855,135489996.1
5856,36682208.038461536
5857,809912867.8518518
5858,842473.1388888889
5859,24776071.782608695
5860,125486463.8888889
5861,7826161.423728813
5862,27603737.1
5863,89260228.35
5864,385033987.6296296
5865,5153799.55
5866,14751549.086956521
5867,12114011.892857144
5868,42391221.75
5869,11753317.311111111
5870,1215430.3529411764
5871,75032259.38709678
5872,184947459.89285713
5873,27603737.1
5874,4367777.0
5875,58820198.8
5876,145046562.65625
5877,11677905.1
5878,103376017.23333333
5879,6239175.236363636
5880,75032259.38709678
5881,145046562.65625
5882,327304903.8148148
5883,11753317.311111111
5884,57036649.05
5885,25311745.0
5886,14751549.086956521
5887,4367777.0
5888,11818589.2
5889,9251412.652173912
5890,40481454.85
5891,89260228.35
5892,11818589.2
5893,6239175.236363636
5894,67691415.55
5895,38860658.692307696
5896,71262002.71428572
5897,1926924.3461538462
5898,30463334.138888888
5899,11818589.2
5900,16726707.2
5901,336910.1052631579
5902,46494405.74074074
5903,83867372.1
5904,58820198.8
5905,67691415.55
5906,75713828.33333333
5907,9018592.913043479
5908,24776071.782608695
5909,15344393.954545455
5910,16726707.2
5911,11677905.1
5912,471943205.09090906
5913,58820198.8
5914,24252955.04225352
5915,11753317.311111111
5916,85625261.47619048
5917,184947459.89285713
5918,81308016.31818181
5919,83867372.1
5920,4367777.0
5921,29660961.583333332
5922,22174131.57142857
5923,16726707.2
5924,7183995.826086956
5925,809912867.8518518
5926,4367777.0
5927,3789919.625
5928,41419433.0
5929,336910.1052631579
5930,75032259.38709678
5931,30463334.138888888
5932,1926924.3461538462
5933,13423985.181818182
5934,75032259.38709678
5935,125486463.8888889
5936,41419433.0
5937,7826161.423728813
5938,11753317.311111111
5939,93244911.8235294
5940,125486463.8888889
5941,17965388.222222224
5942,103376017.23333333
5943,6239175.236363636
5944,36682208.038461536
5945,24252955.04225352
5946,842473.1388888889
5947,1926924.3461538462
5948,135489996.1
5949,2053548.08
5950,129387662.51351352
5951,85625261.47619048
5952,11677905.1
5953,121205067.9
5954,14751549.086956521
5955,41419433.0
5956,41419433.0
5957,93244911.8235294
5958,71262002.71428572
5959,7183995.826086956
5960,14825462.5
5961,2053548.08
5962,12486188.0
5963,38209026.56
5964,75713828.33333333
5965,69660097.75
5966,93244911.8235294
5967,385033987.6296296
5968,67691415.55
5969,30463334.138888888
5970,11677905.1
5971,11677905.1
5972,7183995.826086956
5973,121205067.9
5974,4870505.76
5975,14751549.086956521
5976,4367777.0
5977,842473.1388888889
5978,809912867.8518518
5979,7826161.423728813
5980,238301286.5
5981,842473.1388888889
5982,137775589.30769232
5983,7826161.423728813
5984,57114660.03225806
5985,103376017.23333333
5986,1926924.3461538462
5987,7183995.826086956
5988,75713828.33333333
5989,9251412.652173912
5990,137775589.30769232
5991,7826161.423728813
5992,42391221.75
5993,75032259.38709678
5994,7826161.423728813
5995,29660961.583333332
5996,21557648.304347824
5997,29660961.583333332
5998,385033987.6296296
5999,1215430.3529411764
6000,46494405.74074074
6001,16726707.2
6002,4870505.76
6003,385033987.6296296
6004,65216779.38095238
6005,4870505.76
6006,22174131.57142857
6007,12114011.892857144
6008,9092371.5
6009,41419433.0
6010,58820198.8
6011,21557648.304347824
6012,38860658.692307696
6013,471943205.09090906
6014,12114011.892857144
6015,12114011.892857144
6016,42391221.75
6017,3465104.6363636362
6018,22174131.57142857
6019,3789919.625
6020,7826161.423728813
6021,6239175.236363636
6022,12486188.0
6023,6239175.236363636
6024,2284025.595238095
6025,24252955.04225352
6026,184947459.89285713
6027,22174131.57142857
6028,67691415.55
6029,25311745.0
6030,238301286.5
6031,38209026.56
6032,685388.2962962963
6033,93244911.8235294
6034,4870505.76
6035,471943205.09090906
6036,3789919.625
6037,842473.1388888889
6038,1926924.3461538462
6039,842473.1388888889
6040,75713828.33333333
6041,385033987.6296296
6042,1926924.3461538462
6043,184947459.89285713
6044,4367777.0
6045,60928991.08
6046,3967976.411764706
6047,16726707.2
6048,46494405.74074074
6049,11677905.1
6050,685388.2962962963
6051,3967976.411764706
6052,41419433.0
6053,685388.2962962963
6054,11677905.1
6055,9018592.913043479
6056,36682208.038461536
6057,3967976.411764706
6058,29660961.583333332
6059,129387662.51351352
6060,42391221.75
6061,75032259.38709678
6062,12114011.892857144
6063,67691415.55
6064,3465104.6363636362
6065,40481454.85
6066,85625261.47619048
6067,65216779.38095238
6068,685388.2962962963
6069,184947459.89285713
6070,71262002.71428572
6071,9018592.913043479
6072,65216779.38095238
6073,9092371.5
6074,3789919.625
6075,12114011.892857144
6076,121205067.9
6077,16726707.2
6078,69660097.75
6079,385033987.6296296
6080,1215430.3529411764
6081,3967976.411764706
6082,2284025.595238095
6083,71262002.71428572
6084,93244911.8235294
6085,30463334.138888888
6086,13423985.181818182
6087,38209026.56
6088,6239175.236363636
6089,12114011.892857144
6090,238301286.5
6091,4367777.0
6092,12486188.0
6093,24252955.04225352
6094,184947459.89285713
6095,145046562.65625
6096,22174131.57142857
6097,38860658.692307696
6098,29660961.583333332
6099,36682208.038461536
6100,38209026.56
6101,137775589.30769232
6102,85625261.47619048
6103,121205067.9
6104,1215430.3529411764
6105,4870505.76
6106,1716388.3333333333
6107,1926924.3461538462
6108,15344393.954545455
6109,6239175.236363636
6110,125486463.8888889
6111,1926924.3461538462
6112,685388.2962962963
6113,7183995.826086956
6114,103376017.23333333
6115,137775589.30769232
6116,1926924.3461538462
6117,9092371.5
6118,69660097.75
6119,67691415.55
6120,42391221.75
6121,3789919.625
6122,129387662.51351352
6123,1716388.3333333333
6124,13423985.181818182
6125,7826161.423728813
6126,9092371.5
6127,27603737.1
6128,471943205.09090906
6129,842473.1388888889
6130,685388.2962962963
6131,9092371.5
6132,685388.2962962963
6133,14751549.086956521
6134,75713828.33333333
6135,57114660.03225806
6136,385033987.6296296
6137,121205067.9
6138,14198215.2
6139,809912867.8518518
6140,24252955.04225352
6141,57114660.03225806
6142,2284025.595238095
6143,6239175.236363636
6144,40481454.85
6145,11753317.311111111
6146,60928991.08
6147,75713828.33333333
6148,17965388.222222224
6149,103376017.23333333
6150,471943205.09090906
6151,38860658.692307696
6152,809912867.8518518
6153,11818589.2
6154,336910.1052631579
6155,204376226.53333333
6156,3967976.411764706
6157,22174131.57142857
6158,204376226.53333333
6159,12114011.892857144
6160,65216779.38095238
6161,30463334.138888888
6162,40481454.85
6163,25311745.0
6164,6239175.236363636
6165,57036649.05
6166,30463334.138888888
6167,9092371.5
6168,38860658.692307696
6169,85625261.47619048
6170,14198215.2
6171,13423985.181818182
6172,842473.1388888889
6173,40481454.85
6174,145046562.65625
6175,38860658.692307696
6176,65216779.38095238
6177,81308016.31818181
6178,9018592.913043479
6179,385033987.6296296
6180,38209026.56
6181,40481454.85
6182,385033987.6296296
6183,38860658.692307696
6184,809912867.8518518
6185,22174131.57142857
6186,16726707.2
6187,9092371.5
6188,42391221.75
6189,24252955.04225352
6190,75032259.38709678
6191,6239175.236363636
6192,121205067.9
6193,11818589.2
6194,9251412.652173912
6195,1215430.3529411764
6196,81308016.31818181
6197,3967976.411764706
6198,103376017.23333333
6199,385033987.6296296
6200,1215430.3529411764
6201,6654154.857142857
6202,125486463.8888889
6203,385033987.6296296
6204,2053548.08
6205,9251412.652173912
6206,69660097.75
6207,85625261.47619048
6208,93244911.8235294
6209,685388.2962962963
6210,6654154.857142857
6211,75032259.38709678
6212,24252955.04225352
6213,125486463.8888889
6214,9092371.5
6215,14751549.086956521
6216,30463334.138888888
6217,842473.1388888889
6218,2284025.595238095
6219,30463334.138888888
6220,336910.1052631579
6221,16726707.2
6222,3465104.6363636362
6223,38209026.56
6224,24776071.782608695
6225,75713828.33333333
6226,46494405.74074074
6227,24252955.04225352
6228,3789919.625
6229,1926924.3461538462
6230,842473.1388888889
6231,41419433.0
6232,13423985.181818182
6233,137775589.30769232
6234,21557648.304347824
6235,30463334.138888888
6236,22174131.57142857
6237,9092371.5
6238,12114011.892857144
6239,204376226.53333333
6240,385033987.6296296
6241,1215430.3529411764
6242,7826161.423728813
6243,13423985.181818182
6244,89260228.35
6245,3465104.6363636362
6246,3967976.411764706
6247,471943205.09090906
6248,6239175.236363636
6249,27603737.1
6250,58820198.8
6251,103376017.23333333
6252,29660961.583333332
6253,17965388.222222224
6254,184947459.89285713
6255,2284025.595238095
6256,15344393.954545455
6257,89260228.35
6258,2284025.595238095
6259,9251412.652173912
6260,11753317.311111111
6261,67691415.55
6262,29660961.583333332
6263,65216779.38095238
6264,11818589.2
6265,16726707.2
6266,2053548.08
6267,204376226.53333333
6268,685388.2962962963
6269,125486463.8888889
6270,184947459.89285713
6271,125486463.8888889
6272,6654154.857142857
6273,41419433.0
6274,327304903.8148148
6275,21557648.304347824
6276,5153799.55
6277,93244911.8235294
6278,6654154.857142857
6279,36682208.038461536
6280,12114011.892857144
6281,16726707.2
6282,327304903.8148148
6283,21557648.304347824
6284,129387662.51351352
6285,145046562.65625
6286,4367777.0
6287,5153799.55
6288,129387662.51351352
6289,184947459.89285713
6290,336910.1052631579
6291,75713828.33333333
6292,129387662.51351352
6293,385033987.6296296
6294,12114011.892857144
6295,471943205.09090906
6296,11677905.1
6297,42391221.75
6298,7826161.423728813
6299,685388.2962962963
6300,75032259.38709678
6301,36682208.038461536
6302,14825462.5
6303,6239175.236363636
6304,38860658.692307696
6305,129387662.51351352
6306,145046562.65625
6307,3465104.6363636362
6308,9018592.913043479
6309,4367777.0
6310,57114660.03225806
6311,685388.2962962963
6312,4870505.76
6313,42391221.75
6314,30463334.138888888
6315,6239175.236363636
6316,57114660.03225806
6317,137775589.30769232
6318,42391221.75
6319,83867372.1
6320,7826161.423728813
6321,129387662.51351352
6322,93244911.8235294
6323,5153799.55
6324,2284025.595238095
6325,204376226.53333333
6326,11753317.311111111
6327,38860658.692307696
6328,15344393.954545455
6329,7826161.423728813
6330,2284025.595238095
6331,125486463.8888889
6332,7826161.423728813
6333,5153799.55
6334,1716388.3333333333
6335,145046562.65625
6336,9092371.5
6337,85625261.47619048
6338,1716388.3333333333
6339,24252955.04225352
6340,336910.1052631579
6341,2284025.595238095
6342,6239175.236363636
6343,38209026.56
6344,42391221.75
6345,4367777.0
6346,184947459.89285713
6347,145046562.65625
6348,46494405.74074074
6349,57114660.03225806
6350,7826161.423728813
6351,184947459.89285713
6352,121205067.9
6353,2284025.595238095
6354,9251412.652173912
6355,685388.2962962963
6356,46494405.74074074
6357,12486188.0
6358,7826161.423728813
6359,9018592.913043479
6360,2284025.595238095
6361,184947459.89285713
6362,16726707.2
6363,24252955.04225352
6364,6239175.236363636
6365,129387662.51351352
6366,24252955.04225352
6367,11753317.311111111
6368,57114660.03225806
6369,6239175.236363636
6370,327304903.8148148
6371,12486188.0
6372,38209026.56
6373,842473.1388888889
6374,7183995.826086956
6375,129387662.51351352
6376,24252955.04225352
6377,11753317.311111111
6378,12486188.0
6379,137775589.30769232
6380,38860658.692307696
6381,385033987.6296296
6382,69660097.75
6383,30463334.138888888
6384,89260228.35
6385,46494405.74074074
6386,327304903.8148148
6387,13423985.181818182
6388,25311745.0
6389,1716388.3333333333
6390,24776071.782608695
6391,14825462.5
6392,7183995.826086956
6393,204376226.53333333
6394,184947459.89285713
6395,1926924.3461538462
6396,9251412.652173912
6397,9018592.913043479
6398,6239175.236363636
6399,7826161.423728813
6400,9092371.5
6401,2284025.595238095
6402,46494405.74074074
6403,3967976.411764706
6404,57036649.05
6405,2284025.595238095
6406,11818589.2
6407,5153799.55
6408,30463334.138888888
6409,75713828.33333333
6410,22174131.57142857
6411,3789919.625
6412,6239175.236363636
6413,7183995.826086956
6414,385033987.6296296
6415,7826161.423728813
6416,2053548.08
6417,135489996.1
6418,69660097.75
6419,36682208.038461536
6420,24776071.782608695
6421,81308016.31818181
6422,1926924.3461538462
6423,11753317.311111111
6424,145046562.65625
6425,57036649.05
6426,13423985.181818182
6427,2284025.595238095
6428,9251412.652173912
6429,30463334.138888888
6430,145046562.65625
6431,129387662.51351352
6432,135489996.1
6433,5153799.55
6434,5153799.55
6435,75032259.38709678
6436,85625261.47619048
6437,24252955.04225352
6438,38209026.56
6439,13423985.181818182
6440,75713828.33333333
6441,11753317.311111111
6442,3789919.625
6443,9092371.5
6444,3967976.411764706
6445,809912867.8518518
6446,327304903.8148148
6447,11753317.311111111
6448,7826161.423728813
6449,93244911.8235294
6450,7183995.826086956
6451,2053548.08
6452,89260228.35
6453,85625261.47619048
6454,36682208.038461536
6455,17965388.222222224
6456,14198215.2
6457,71262002.71428572
6458,7826161.423728813
6459,11753317.311111111
6460,67691415.55
6461,145046562.65625
6462,137775589.30769232
6463,1926924.3461538462
6464,14825462.5
6465,6239175.236363636
6466,40481454.85
6467,12114011.892857144
6468,842473.1388888889
6469,11677905.1
6470,14825462.5
6471,4870505.76
6472,12114011.892857144
6473,14751549.086956521
6474,25311745.0
6475,7826161.423728813
6476,327304903.8148148
6477,58820198.8
6478,11753317.311111111
6479,385033987.6296296
6480,75713828.33333333
6481,41419433.0
6482,3789919.625
6483,2284025.595238095
6484,184947459.89285713
6485,89260228.35
6486,1926924.3461538462
6487,71262002.71428572
6488,30463334.138888888
6489,9251412.652173912
6490,1215430.3529411764
6491,22174131.57142857
6492,13423985.181818182
6493,22174131.57142857
6494,129387662.51351352
6495,9092371.5
6496,327304903.8148148
6497,184947459.89285713
6498,41419433.0
6499,12114011.892857144
6500,1215430.3529411764
6501,14825462.5
6502,125486463.8888889
6503,5153799.55
6504,7826161.423728813
6505,60928991.08
6506,25311745.0
6507,11753317.311111111
6508,71262002.71428572
6509,9018592.913043479
6510,7826161.423728813
6511,6239175.236363636
6512,2053548.08
6513,11753317.311111111
6514,7826161.423728813
6515,385033987.6296296
6516,36682208.038461536
6517,2053548.08
6518,27603737.1
6519,145046562.65625
6520,4367777.0
6521,238301286.5
6522,38209026.56
6523,93244911.8235294
6524,30463334.138888888
6525,81308016.31818181
6526,385033987.6296296
6527,1215430.3529411764
6528,17965388.222222224
6529,24252955.04225352
6530,129387662.51351352
6531,2284025.595238095
6532,11753317.311111111
6533,7826161.423728813
6534,471943205.09090906
6535,2284025.595238095
6536,38860658.692307696
6537,41419433.0
6538,42391221.75
6539,145046562.65625
6540,135489996.1
6541,135489996.1
6542,24252955.04225352
6543,336910.1052631579
6544,24252955.04225352
6545,29660961.583333332
6546,385033987.6296296
6547,1215430.3529411764
6548,145046562.65625
6549,145046562.65625
6550,93244911.8235294
6551,41419433.0
6552,7183995.826086956
6553,9251412.652173912
6554,30463334.138888888
6555,46494405.74074074
6556,85625261.47619048
6557,11753317.311111111
6558,81308016.31818181
6559,121205067.9
6560,385033987.6296296
6561,4367777.0
6562,89260228.35
6563,9092371.5
6564,25311745.0
6565,38860658.692307696
6566,36682208.038461536
6567,11753317.311111111
6568,93244911.8235294
6569,7826161.423728813
6570,81308016.31818181
6571,5153799.55
6572,1926924.3461538462
6573,9092371.5
6574,30463334.138888888
6575,3789919.625
6576,38209026.56
6577,11677905.1
6578,41419433.0
6579,24252955.04225352
6580,1215430.3529411764
6581,24776071.782608695
6582,336910.1052631579
6583,3967976.411764706
6584,3967976.411764706
6585,69660097.75
6586,42391221.75
6587,65216779.38095238
6588,7826161.423728813
6589,85625261.47619048
6590,129387662.51351352
6591,14751549.086956521
6592,137775589.30769232
6593,145046562.65625
6594,121205067.9
6595,1716388.3333333333
6596,129387662.51351352
6597,842473.1388888889
6598,14751549.086956521
6599,12486188.0
6600,6239175.236363636
6601,6239175.236363636
6602,385033987.6296296
6603,58820198.8
6604,5153799.55
6605,184947459.89285713
6606,3967976.411764706
6607,41419433.0
6608,1215430.3529411764
6609,3967976.411764706
6610,12114011.892857144
6611,11818589.2
6612,385033987.6296296
6613,24776071.782608695
6614,471943205.09090906
6615,9251412.652173912
6616,184947459.89285713
6617,85625261.47619048
6618,21557648.304347824
6619,11818589.2
6620,6239175.236363636
6621,57036649.05
6622,71262002.71428572
6623,385033987.6296296
6624,129387662.51351352
6625,125486463.8888889
6626,24252955.04225352
6627,93244911.8235294
6628,685388.2962962963
6629,5153799.55
6630,2053548.08
6631,2053548.08
6632,9251412.652173912
6633,12486188.0
6634,17965388.222222224
6635,842473.1388888889
6636,184947459.89285713
6637,69660097.75
6638,3967976.411764706
6639,17965388.222222224
6640,16726707.2
6641,137775589.30769232
6642,184947459.89285713
6643,1215430.3529411764
6644,2284025.595238095
6645,24776071.782608695
6646,57036649.05
6647,2284025.595238095
6648,42391221.75
6649,14198215.2
6650,6239175.236363636
6651,42391221.75
6652,3789919.625
6653,57114660.03225806
6654,67691415.55
6655,57036649.05
6656,24252955.04225352
6657,75713828.33333333
6658,11677905.1
6659,11677905.1
6660,9018592.913043479
6661,336910.1052631579
6662,38860658.692307696
6663,471943205.09090906
6664,14198215.2
6665,1215430.3529411764
6666,46494405.74074074
6667,385033987.6296296
6668,11818589.2
6669,12114011.892857144
6670,7826161.423728813
6671,36682208.038461536
6672,27603737.1
6673,145046562.65625
6674,385033987.6296296
6675,81308016.31818181
6676,4367777.0
6677,7826161.423728813
6678,11818589.2
6679,471943205.09090906
6680,57036649.05
6681,809912867.8518518
6682,12114011.892857144
6683,65216779.38095238
6684,2284025.595238095
6685,16726707.2
6686,12114011.892857144
6687,121205067.9
6688,15344393.954545455
6689,22174131.57142857
6690,125486463.8888889
6691,3967976.411764706
6692,471943205.09090906
6693,42391221.75
6694,69660097.75
6695,5153799.55
6696,125486463.8888889
6697,14198215.2
6698,7183995.826086956
6699,471943205.09090906
6700,327304903.8148148
6701,121205067.9
6702,38209026.56
6703,25311745.0
6704,4367777.0
6705,21557648.304347824
6706,36682208.038461536
6707,60928991.08
6708,65216779.38095238
6709,4870505.76
6710,71262002.71428572
6711,11753317.311111111
6712,204376226.53333333
6713,2053548.08
6714,1926924.3461538462
6715,14198215.2
6716,58820198.8
6717,327304903.8148148
6718,46494405.74074074
6719,93244911.8235294
6720,3967976.411764706
6721,41419433.0
6722,6654154.857142857
6723,41419433.0
6724,40481454.85
6725,4870505.76
6726,85625261.47619048
6727,24252955.04225352
6728,25311745.0
6729,13423985.181818182
6730,38860658.692307696
6731,11677905.1
6732,9018592.913043479
6733,16726707.2
6734,7826161.423728813
6735,71262002.71428572
6736,11818589.2
6737,13423985.181818182
6738,11677905.1
6739,6239175.236363636
6740,1215430.3529411764
6741,1215430.3529411764
6742,41419433.0
6743,145046562.65625
6744,12114011.892857144
6745,2284025.595238095
6746,75713828.33333333
6747,9092371.5
6748,1716388.3333333333
6749,2284025.595238095
6750,1215430.3529411764
6751,7183995.826086956
6752,135489996.1
6753,7183995.826086956
6754,69660097.75
6755,14825462.5
6756,204376226.53333333
6757,57036649.05
6758,13423985.181818182
6759,204376226.53333333
6760,36682208.038461536
6761,9092371.5
6762,1215430.3529411764
6763,40481454.85
6764,4870505.76
6765,129387662.51351352
6766,1926924.3461538462
6767,36682208.038461536
6768,184947459.89285713
6769,40481454.85
6770,38860658.692307696
6771,11818589.2
6772,6239175.236363636
6773,24252955.04225352
6774,385033987.6296296
6775,385033987.6296296
6776,4870505.76
6777,22174131.57142857
6778,69660097.75
6779,65216779.38095238
6780,145046562.65625
6781,6239175.236363636
6782,71262002.71428572
6783,38209026.56
6784,3967976.411764706
6785,85625261.47619048
6786,3789919.625
6787,27603737.1
6788,9251412.652173912
6789,9018592.913043479
6790,16726707.2
6791,30463334.138888888
6792,238301286.5
6793,58820198.8
6794,16726707.2
6795,9018592.913043479
6796,471943205.09090906
6797,11753317.311111111
6798,36682208.038461536
6799,7826161.423728813
6800,67691415.55
6801,385033987.6296296
6802,24252955.04225352
6803,137775589.30769232
6804,336910.1052631579
6805,30463334.138888888
6806,13423985.181818182
6807,85625261.47619048
6808,9251412.652173912
6809,57036649.05
6810,11753317.311111111
6811,145046562.65625
6812,16726707.2
6813,71262002.71428572
6814,2053548.08
6815,6239175.236363636
6816,2053548.08
6817,1926924.3461538462
6818,3967976.411764706
6819,75032259.38709678
6820,38209026.56
6821,12114011.892857144
6822,29660961.583333332
6823,65216779.38095238
6824,125486463.8888889
6825,58820198.8
6826,17965388.222222224
6827,2053548.08
6828,1926924.3461538462
6829,9251412.652173912
6830,6239175.236363636
6831,57114660.03225806
6832,60928991.08
6833,5153799.55
6834,2053548.08
6835,135489996.1
6836,2053548.08
6837,67691415.55
6838,2053548.08
6839,25311745.0
6840,36682208.038461536
6841,93244911.8235294
6842,6239175.236363636
6843,11753317.311111111
6844,89260228.35
6845,9092371.5
6846,83867372.1
6847,3967976.411764706
6848,13423985.181818182
6849,22174131.57142857
6850,24776071.782608695
6851,121205067.9
6852,14825462.5
6853,11753317.311111111
6854,93244911.8235294
6855,38209026.56
6856,842473.1388888889
6857,9092371.5
6858,6654154.857142857
6859,85625261.47619048
6860,15344393.954545455
6861,29660961.583333332
6862,60928991.08
6863,327304903.8148148
6864,842473.1388888889
6865,6654154.857142857
6866,71262002.71428572
6867,93244911.8235294
6868,809912867.8518518
6869,36682208.038461536
6870,1926924.3461538462
6871,83867372.1
6872,336910.1052631579
6873,38860658.692307696
6874,145046562.65625
6875,14825462.5
6876,42391221.75
6877,7183995.826086956
6878,9251412.652173912
6879,6239175.236363636
6880,3789919.625
6881,6654154.857142857
6882,67691415.55
6883,145046562.65625
6884,24252955.04225352
6885,12486188.0
6886,842473.1388888889
6887,22174131.57142857
6888,145046562.65625
6889,6654154.857142857
6890,24252955.04225352
6891,75713828.33333333
6892,129387662.51351352
6893,184947459.89285713
6894,36682208.038461536
6895,3967976.411764706
6896,685388.2962962963
6897,1215430.3529411764
6898,5153799.55
6899,13423985.181818182
6900,58820198.8
6901,42391221.75
6902,2284025.595238095
6903,29660961.583333332
6904,145046562.65625
6905,38209026.56
6906,129387662.51351352
6907,93244911.8235294
6908,24252955.04225352
6909,3465104.6363636362
6910,13423985.181818182
6911,9092371.5
6912,14751549.086956521
6913,471943205.09090906
6914,385033987.6296296
6915,24252955.04225352
6916,38860658.692307696
6917,809912867.8518518
6918,75032259.38709678
6919,3967976.411764706
6920,71262002.71428572
6921,327304903.8148148
6922,9092371.5
6923,25311745.0
6924,1926924.3461538462
6925,13423985.181818182
6926,11753317.311111111
6927,842473.1388888889
6928,42391221.75
6929,81308016.31818181
6930,184947459.89285713
6931,14751549.086956521
6932,11677905.1
6933,25311745.0
6934,129387662.51351352
6935,1716388.3333333333
6936,30463334.138888888
6937,67691415.55
6938,2284025.595238095
6939,6239175.236363636
6940,75032259.38709678
6941,85625261.47619048
6942,24252955.04225352
6943,9018592.913043479
6944,129387662.51351352
6945,11818589.2
6946,121205067.9
6947,14825462.5
6948,27603737.1
6949,75713828.33333333
6950,471943205.09090906
6951,1716388.3333333333
6952,38860658.692307696
6953,9092371.5
6954,17965388.222222224
6955,30463334.138888888
6956,16726707.2
6957,842473.1388888889
6958,7826161.423728813
6959,11677905.1
6960,30463334.138888888
6961,57036649.05
6962,137775589.30769232
6963,21557648.304347824
6964,65216779.38095238
6965,24252955.04225352
6966,121205067.9
6967,327304903.8148148
6968,13423985.181818182
6969,2284025.595238095
6970,14751549.086956521
6971,135489996.1
6972,336910.1052631579
6973,42391221.75
6974,83867372.1
6975,24252955.04225352
6976,22174131.57142857
6977,9018592.913043479
6978,2053548.08
6979,24776071.782608695
6980,29660961.583333332
6981,7826161.423728813
6982,204376226.53333333
6983,1215430.3529411764
6984,184947459.89285713
6985,238301286.5
6986,30463334.138888888
6987,4870505.76
6988,46494405.74074074
6989,12486188.0
6990,471943205.09090906
6991,9018592.913043479
6992,3967976.411764706
6993,2284025.595238095
6994,336910.1052631579
6995,69660097.75
6996,75713828.33333333
6997,336910.1052631579
6998,25311745.0
6999,71262002.71428572
7000,1215430.3529411764
7001,4367777.0
7002,9251412.652173912
7003,16726707.2
7004,41419433.0
7005,3465104.6363636362
7006,3967976.411764706
7007,12114011.892857144
7008,71262002.71428572
7009,25311745.0
7010,15344393.954545455
7011,842473.1388888889
7012,4367777.0
7013,7826161.423728813
7014,4870505.76
7015,129387662.51351352
7016,327304903.8148148
7017,12486188.0
7018,40481454.85
7019,41419433.0
7020,41419433.0
7021,16726707.2
7022,60928991.08
7023,57114660.03225806
7024,12114011.892857144
7025,11677905.1
7026,137775589.30769232
7027,129387662.51351352
7028,7826161.423728813
7029,93244911.8235294
7030,81308016.31818181
7031,81308016.31818181
7032,15344393.954545455
7033,11677905.1
7034,7183995.826086956
7035,25311745.0
7036,11818589.2
7037,27603737.1
7038,17965388.222222224
7039,41419433.0
7040,14751549.086956521
7041,57114660.03225806
7042,125486463.8888889
7043,3465104.6363636362
7044,30463334.138888888
7045,60928991.08
7046,83867372.1
7047,125486463.8888889
7048,27603737.1
7049,85625261.47619048
7050,685388.2962962963
7051,12114011.892857144
7052,85625261.47619048
7053,12486188.0
7054,57114660.03225806
7055,81308016.31818181
7056,327304903.8148148
7057,12114011.892857144
7058,9018592.913043479
7059,60928991.08
7060,11753317.311111111
7061,12114011.892857144
7062,57114660.03225806
7063,2284025.595238095
7064,125486463.8888889
7065,36682208.038461536
7066,4367777.0
7067,685388.2962962963
7068,57114660.03225806
7069,3465104.6363636362
7070,327304903.8148148
7071,327304903.8148148
7072,1716388.3333333333
7073,7183995.826086956
7074,3465104.6363636362
7075,69660097.75
7076,129387662.51351352
7077,65216779.38095238
7078,145046562.65625
7079,9018592.913043479
7080,12486188.0
7081,15344393.954545455
7082,3967976.411764706
7083,7826161.423728813
7084,57114660.03225806
7085,5153799.55
7086,1926924.3461538462
7087,184947459.89285713
7088,103376017.23333333
7089,13423985.181818182
7090,13423985.181818182
7091,25311745.0
7092,385033987.6296296
7093,30463334.138888888
7094,21557648.304347824
7095,6239175.236363636
7096,11753317.311111111
7097,204376226.53333333
7098,93244911.8235294
7099,121205067.9
7100,13423985.181818182
7101,24252955.04225352
7102,1215430.3529411764
7103,11677905.1
7104,7183995.826086956
7105,121205067.9
7106,14751549.086956521
7107,85625261.47619048
7108,2053548.08
7109,36682208.038461536
7110,2284025.595238095
7111,4367777.0
7112,145046562.65625
7113,71262002.71428572
7114,14751549.086956521
7115,24252955.04225352
7116,11753317.311111111
7117,336910.1052631579
7118,38860658.692307696
7119,65216779.38095238
7120,7826161.423728813
7121,7183995.826086956
7122,9251412.652173912
7123,2284025.595238095
7124,809912867.8518518
7125,22174131.57142857
7126,385033987.6296296
7127,41419433.0
7128,22174131.57142857
7129,6654154.857142857
7130,12114011.892857144
7131,27603737.1
7132,24252955.04225352
7133,137775589.30769232
7134,24776071.782608695
7135,71262002.71428572
7136,60928991.08
7137,30463334.138888888
7138,24252955.04225352
7139,842473.1388888889
7140,129387662.51351352
7141,842473.1388888889
7142,42391221.75
7143,81308016.31818181
7144,336910.1052631579
7145,75713828.33333333
7146,3789919.625
7147,38209026.56
7148,65216779.38095238
7149,2053548.08
7150,25311745.0
7151,25311745.0
7152,121205067.9
7153,6239175.236363636
7154,30463334.138888888
7155,238301286.5
7156,17965388.222222224
7157,85625261.47619048
7158,7826161.423728813
7159,6654154.857142857
7160,685388.2962962963
7161,69660097.75
7162,385033987.6296296
7163,22174131.57142857
7164,842473.1388888889
7165,137775589.30769232
7166,5153799.55
7167,842473.1388888889
7168,3465104.6363636362
7169,14825462.5
7170,11753317.311111111
7171,24252955.04225352
7172,24252955.04225352
7173,25311745.0
7174,6654154.857142857
7175,9251412.652173912
7176,38860658.692307696
7177,71262002.71428572
7178,24776071.782608695
7179,125486463.8888889
7180,9251412.652173912
7181,24252955.04225352
7182,41419433.0
7183,1215430.3529411764
7184,809912867.8518518
7185,40481454.85
7186,36682208.038461536
7187,75032259.38709678
7188,75713828.33333333
7189,46494405.74074074
7190,2053548.08
7191,1926924.3461538462
7192,38860658.692307696
7193,46494405.74074074
7194,385033987.6296296
7195,30463334.138888888
7196,38860658.692307696
7197,11677905.1
7198,11753317.311111111
7199,6239175.236363636
7200,103376017.23333333
7201,14198215.2
7202,36682208.038461536
7203,7826161.423728813
7204,145046562.65625
7205,238301286.5
7206,145046562.65625
7207,385033987.6296296
7208,36682208.038461536
7209,12486188.0
7210,2284025.595238095
7211,1215430.3529411764
7212,65216779.38095238
7213,36682208.038461536
7214,327304903.8148148
7215,121205067.9
7216,67691415.55
7217,2284025.595238095
7218,30463334.138888888
7219,9092371.5
7220,85625261.47619048
7221,60928991.08
7222,24252955.04225352
7223,25311745.0
7224,9092371.5
7225,9251412.652173912
7226,57036649.05
7227,103376017.23333333
7228,57036649.05
7229,30463334.138888888
7230,3465104.6363636362
7231,5153799.55
7232,238301286.5
7233,145046562.65625
7234,327304903.8148148
7235,21557648.304347824
7236,135489996.1
7237,38860658.692307696
7238,9018592.913043479
7239,809912867.8518518
7240,75032259.38709678
7241,204376226.53333333
7242,65216779.38095238
7243,14751549.086956521
7244,93244911.8235294
7245,11677905.1
7246,1215430.3529411764
7247,83867372.1
7248,41419433.0
7249,9251412.652173912
7250,7826161.423728813
7251,30463334.138888888
7252,40481454.85
7253,6239175.236363636
7254,81308016.31818181
7255,3967976.411764706
7256,6239175.236363636
7257,22174131.57142857
7258,24776071.782608695
7259,13423985.181818182
7260,1716388.3333333333
7261,471943205.09090906
7262,336910.1052631579
7263,58820198.8
7264,9092371.5
7265,12114011.892857144
7266,30463334.138888888
7267,3465104.6363636362
7268,2053548.08
7269,204376226.53333333
7270,327304903.8148148
7271,11677905.1
7272,38860658.692307696
7273,2053548.08
7274,16726707.2
7275,60928991.08
7276,9251412.652173912
7277,125486463.8888889
7278,385033987.6296296
7279,125486463.8888889
7280,135489996.1
7281,57114660.03225806
7282,129387662.51351352
7283,125486463.8888889
7284,842473.1388888889
7285,75713828.33333333
7286,145046562.65625
7287,7183995.826086956
7288,16726707.2
7289,129387662.51351352
7290,36682208.038461536
7291,40481454.85
7292,3967976.411764706
7293,40481454.85
7294,13423985.181818182
7295,75713828.33333333
7296,1926924.3461538462
7297,93244911.8235294
7298,13423985.181818182
7299,4367777.0
7300,6239175.236363636
7301,38209026.56
7302,842473.1388888889
7303,336910.1052631579
7304,24252955.04225352
7305,4367777.0
7306,471943205.09090906
7307,336910.1052631579
7308,2284025.595238095
7309,9092371.5
7310,24252955.04225352
7311,16726707.2
7312,67691415.55
7313,184947459.89285713
7314,12486188.0
7315,6654154.857142857
7316,6239175.236363636
7317,22174131.57142857
7318,137775589.30769232
7319,6239175.236363636
7320,385033987.6296296
7321,336910.1052631579
7322,6239175.236363636
7323,60928991.08
7324,22174131.57142857
7325,327304903.8148148
7326,327304903.8148148
7327,2053548.08
7328,85625261.47619048
7329,125486463.8888889
7330,327304903.8148148
7331,41419433.0
7332,21557648.304347824
7333,75032259.38709678
7334,6239175.236363636
7335,145046562.65625
7336,6239175.236363636
7337,25311745.0
7338,24776071.782608695
7339,75713828.33333333
7340,2284025.595238095
7341,1926924.3461538462
7342,71262002.71428572
7343,842473.1388888889
7344,9251412.652173912
7345,25311745.0
7346,14198215.2
7347,11818589.2
7348,6239175.236363636
7349,129387662.51351352
7350,36682208.038461536
7351,30463334.138888888
7352,1926924.3461538462
7353,9018592.913043479
7354,336910.1052631579
7355,42391221.75
7356,42391221.75
7357,12486188.0
7358,11677905.1
7359,75032259.38709678
7360,30463334.138888888
7361,336910.1052631579
7362,71262002.71428572
7363,809912867.8518518
7364,3967976.411764706
7365,85625261.47619048
7366,24776071.782608695
7367,7826161.423728813
7368,11753317.311111111
7369,85625261.47619048
7370,24776071.782608695
7371,1926924.3461538462
7372,103376017.23333333
7373,471943205.09090906
7374,12114011.892857144
7375,121205067.9
7376,336910.1052631579
7377,40481454.85
7378,75032259.38709678
7379,103376017.23333333
7380,6239175.236363636
7381,842473.1388888889
7382,11818589.2
7383,336910.1052631579
7384,57036649.05
7385,38209026.56
7386,60928991.08
7387,9018592.913043479
7388,6239175.236363636
7389,336910.1052631579
7390,842473.1388888889
7391,11753317.311111111
7392,14751549.086956521
7393,809912867.8518518
7394,103376017.23333333
7395,57114660.03225806
7396,60928991.08
7397,6239175.236363636
7398,9092371.5
